,index,common_entity,entity1,entity2
0,1537,badfinger,day after day,1971
1,1969,patti smith,elegie,1975
2,25393,beastie boys,jimmy james,1992
3,9585,reba mcentire,congratulations,1984
4,27679,"royce da 5'9""",bad boy (feat. jungle rock jr.),2009
5,9066,marty robbins,when i'm gone,1979
6,11390,randy travis,in the garden,2003
7,23217,pepper,the invite,2016
8,3026,minutemen,toadies,1984
9,14777,the marvelettes,danger heartbreak dead ahead,1988
10,12996,garnet mimms & the enchanters,baby don't you weep,1963
11,11659,clay walker,fall,2007
12,26794,britt nicole,the sun is rising,2012
13,4090,janet jackson,that's the way love goes,1993
14,7123,carl smith,sing her a love song,1956
15,17415,red garland,but not for me,1957
16,27888,lil wayne,walk it off,2014
17,2378,gary numan,engineers,1979
18,20719,weldon irvine,morning sunrise,2016
19,7912,red simpson,county sheriff,1966
20,18014,the new birth,got to get a knutt,1972
21,5764,kid cudi,make her say,2009
22,3363,pixies,ed is dead,1987
23,16819,savoy brown,why did you hoodoo me,2017
24,465,bobby vee,earth angel,1961
25,11720,reckless kelly,ragged as the road,2008
26,27159,radiohead,true love waits,2016
27,27197,the growlers,city club,2016
28,19759,steve tyrell,i've got a crush on you,2003
29,7588,ray price,night life,1963
30,22033,the skatalites,freedom sound,1997
31,26410,tool,the pot,2006
32,16526,welshly arms,two seconds too late,2013
33,27470,boogie down productions,the style you haven't done yet,1989
34,11343,lyle lovett,smile,2003
35,6499,wiz khalifa,go hard or go home,2015
36,9004,waylon jennings,tonight the bottle let me down,1978
37,12412,kenny chesney,ends of the earth,2018
38,2124,judy collins,bread and roses,1976
39,24468,michael schenker group,armed and ready,1980
40,26300,chevelle,the clincher,2004
41,22782,vybz kartel,dollar sign,2010
42,27702,83,haut de gamme,2009
43,1226,the platters,wish it were me,1968
44,20845,riley richard,l.i.t.,2018
45,26156,hammerfall,hearts on fire,2002
46,24229,iggy pop,nightclubbing,1977
47,26345,casting crowns,praise you in this storm,2005
48,27785,terror x crew,don't be afraid (mi fovasai),2012
49,25173,lou reed,romeo had juliette,1989
50,19051,nat king cole,lush life,1991
51,17699,jimmy durante,the time is now,1964
52,20183,melody gardot,if the stars were mine,2009
53,7301,the louvin brothers,today,1959
54,13723,bad company,weep no more,1975
55,15499,the white stripes,expecting,2001
56,18998,tower of power,you can't fall up (you just fall down),1991
57,17214,doris day,with a song in my heart,1954
58,25018,pink floyd,"a new machine, pt. 1",1987
59,16932,chris smither,she said she said,2018
60,1173,the marvelettes,the hunter gets captured by the game,1967
61,1074,the young rascals,i'm so happy now,1967
62,2949,john mellencamp,authority song,1983
63,25574,nine inch nails,the becoming,1994
64,14311,krokus,long stick goes boom,1982
65,11552,john berry,standing on the edge of goodbye,2006
66,13330,muddy waters,let's spend the night together,1968
67,22111,too rude,do you feel what i dub?,1999
68,11271,rhett miller,our love,2002
69,23601,john lee hooker,i got a letter (this morning),1962
70,9022,eddie rabbitt,plain as the pain on my face,1978
71,1167,the monkees,i'll spend my life with you,1967
72,17994,donny hathaway,put your hand in the hand,1971
73,17788,sarah vaughan,a lover's concerto,1966
74,25476,phil collins,can't turn back the years,1993
75,27092,homeshake,give it to me,2015
76,13706,ufo,built for comfort,1974
77,4592,steps,it's the way you make me feel,1998
78,4767,lucy pearl,everyday,2000
79,9746,hank williams,the blues come around,1985
80,12806,ella fitzgerald,blue skies,1959
81,22862,the holdup,the drugs,2011
82,3372,bodeans,dreams,1987
83,1860,kansas,journey from mariabronn,1974
84,4294,faith evans,love don't live here anymore,1995
85,22547,pepper,outta my face,2006
86,17849,terry callier,900 miles,1968
87,27361,twenty one pilots,neon gravestones,2018
88,16492,j. roddy walston & the business,sweat shock,2013
89,21185,bob marley & the wailers,let him go,1977
90,28088,killy,killamonjaro,2017
91,16740,jeff beck,the revolution will be televised,2016
92,4403,spice girls,something kinda funny,1996
93,28003,k kutta,hop up,2017
94,21417,john holt,chanting,1983
95,27095,joywave,tongues,2015
96,15897,the raconteurs,"steady, as she goes",2006
97,14228,thin lizzy,fats,1981
98,10075,bachman-turner overdrive,thank you for the feelin',1989
99,8575,kris kristofferson,loving arms,1973
100,6405,florida georgia line,anything goes,2014
101,20949,prince buster,oh love (live),1967
102,15892,earl king,do the grind,2006
103,19719,lizz wright,"open your eyes, you can fly",2003
104,11028,montgomery gentry,lonely and gone,1999
105,5716,the ting tings,that's not my name,2008
106,27711,epmd,you gots to chill,2010
107,8689,gary wright,made to love you,1975
108,10689,roger miller,i've been a long time leavin' (but i'll be a long time gone),1995
109,17615,dean martin,cha cha cha d´amour,1962
110,21134,peter tosh,why must i cry,1976
111,22798,soja,you and me,2010
112,9201,don williams,it's good to see you,1980
113,22097,lucky dube,crying games,1999
114,1712,paul simon,armistice day,1972
115,1156,the monkees,forget that girl,1967
116,5159,yeah yeah yeahs,y control,2003
117,18545,king crimson,frame by frame,1981
118,14816,the cramps,surfin' bird,1989
119,116,harry belafonte,cordelia brown,1957
120,19463,steve tyrell,i can't get started with you,1999
121,14782,blue öyster cult,i am the one you warned me of,1988
122,3375,erasure,sometimes,1987
123,3416,michael jackson,al capone,1987
124,25880,red hot chili peppers,right on time,1999
125,2243,bonnie raitt,two lives,1977
126,9989,patty loveless,the lonely side of love,1988
127,9704,vern gosdin,i know the way to you by heart,1985
128,14352,thin lizzy,cold sweat,1983
129,18011,eugene mcdaniels,freedom death dance,1971
130,19016,massacre,biohazard,1991
131,1978,carole king,screaming and yelling,1975
132,14934,lynyrd skynyrd,pure and simple,1991
133,5885,the downtown fiction,i just wanna run,2010
134,10171,waylon jennings,her man,1990
135,21413,john holt,can't use me,1983
136,16476,tyler bryant & the shakedown,downtown tonight,2013
137,8158,fairport convention,time will show the wiser,1968
138,17717,nancy wilson,reach out for me,1965
139,167,ricky nelson,down the line,1958
140,12077,chris young,text me texas,2013
141,22977,mishka,come closer,2013
142,13211,the monks,monk time,1966
143,4651,marvelous 3,freak of the week,1998
144,26098,tool,parabol,2001
145,25123,the beatles,i call your name,1988
146,27098,no vacation,beach bummer,2015
147,2219,eddie money,save a little room in your heart,1977
148,55,mohammed rafi,khanke to khanke,1955
149,289,esquivel!,boulevard of broken dreams,1959
150,6495,carly rae jepsen,run away with me,2015
151,14924,the clovers,your cash ain't nothin' but trash,1991
152,27302,zayde wølf,gladiator,2018
153,7296,conway twitty,the story of my love,1959
154,8803,johnny cash,go on blues,1976
155,11786,jason michael carroll,hurry home,2009
156,18432,frank zappa,bobby brown goes down,1979
157,1662,todd rundgren,intro,1972
158,13350,aretha franklin,night time is the right time,1968
159,1693,gene pitney,(the man who shot) liberty valance,1972
160,14574,george thorogood & the destroyers,crawling king snake,1985
161,10487,cory morrow,the man that i've been,1993
162,27617,coolio,fantastic voyage (lil stayne mix),2008
163,28189,method man,4:20,2018
164,5587,kanye west,everything i am,2007
165,3358,belinda carlisle,world without you,1987
166,6260,zhané,hey mr. d.j.,2013
167,11344,the talleys,his life for mine,2003
168,5123,me first and the gimme gimmes,i believe i can fly,2003
169,2024,abba,"hey, hey helen",1975
170,2734,don henley,johnny can't read,1982
171,4309,faith evans,you used to love me,1995
172,19983,scott grooves,mothership reconnection (feat.parliament/funkadelic),2006
173,16144,nazareth,hair of the dog (studio demo),2009
174,27068,bring me the horizon,run,2015
175,9608,america,(it's like you) never left at all,1984
176,22425,the beautiful girls,when i had you with me,2005
177,24845,red hot chili peppers,out in l.a.,1984
178,20139,pharoah sanders,you've got to have freedom,2008
179,27490,en vogue,hip hop lover,1992
180,1199,manfred mann,my name is jack,1968
181,22922,hours eastly,shoot me dead,2012
182,16931,blues saraceno,wicked gonna come,2018
183,15249,galactic,stax jam,1996
184,21466,steel pulse,don't give in,1984
185,26018,limp bizkit,hot dog,2000
186,827,the searchers,don't throw your love away,1964
187,4889,papa roach,dead cell,2001
188,25821,death,spirit crusher,1998
189,4518,sarah mclachlan,i love you,1997
190,9425,america,inspector mills,1982
191,19786,rjd2,making days longer,2004
192,20964,phyllis dillon,don't touch me tomato,1967
193,20491,donny hathaway,for all we know,2013
194,6056,nicki minaj,starships,2011
195,9662,the judds,sleeping heart,1984
196,15638,black rebel motorcycle club,stop,2003
197,16567,black lips,make you mine,2014
198,8057,tammy wynette,i stayed long enough,1967
199,17973,"earth, wind & fire",energy,1971
200,13202,otis redding,it's growing,1966
201,8995,hank williams,your cheatin' heart,1978
202,26857,die antwoord,baby's on fire,2012
203,12945,jackie wilson,the tear of the year,1962
204,8203,willie nelson,a wonderful yesterday,1968
205,1251,the millennium,i'm with you,1968
206,5181,nancy sinatra,bang bang,2003
207,15338,queens of the stone age,avon,1998
208,27510,dr. dre,the next episode,2000
209,7510,george jones,lonesome whistle,1962
210,23980,creedence clearwater revival,lookin' for a reason,1972
211,25339,soundgarden,mind riot,1991
212,2041,michael jackson,dear michael,1975
213,22416,long beach shortbus,girl next door,2004
214,9586,nrbq,captain lou,1984
215,7462,johnny cash,god has my fortune laid away,1962
216,17914,minnie riperton,expecting,1970
217,14220,thin lizzy,renegade,1981
218,8914,dan fogelberg,lessons learned,1977
219,1922,roxy music,out of the blue,1974
220,22854,sublime with rome,my world,2011
221,487,harry belafonte,angelina,1961
222,7279,johnny cash,you win again,1959
223,25741,fuel,sunburn,1997
224,17972,aretha franklin,reach out and touch (somebody's hand),1971
225,26153,thirty seconds to mars,edge of the earth,2002
226,7214,sonny james,"you, you, you",1958
227,15333,shemekia copeland,married to the blues,1998
228,267,dion & the belmonts,i got the blues,1959
229,7205,hank thompson,after all the things i've done,1958
230,6236,nipsey hussle,they roll (feat. the game),2013
231,17443,thelonious monk,in orbit,1958
232,22025,half pint,greetings,1997
233,9230,ronnie milsap,my heart,1980
234,14276,the birthday party,kiss me black,1982
235,28288,vince staples,65 hunnid,2019
236,15901,the black keys,elevator,2006
237,10912,tim mcgraw,you turn me on,1997
238,1306,gladys knight & the pips,i wish it would rain,1968
239,6033,jason walker,echo,2011
240,11369,josh turner,in my dreams,2003
241,16816,death from above 1979,holy books,2017
242,11042,my morning jacket,nashville to kentucky,1999
243,21738,the gladiators,run them,1992
244,16815,fantastic negrito,about a bird,2017
245,9192,donna fargo,seeing is believing,1980
246,16877,tedeschi trucks band,"within you, without you",2017
247,20175,susan wong,everytime you go away,2009
248,4104,mary wells,what love has joined together,1993
249,15388,gov't mule,war pigs,1999
250,17044,eagles of death metal,high voltage / it's a long way to the top (if you wanna rock 'n' roll),2019
251,19211,pete rock & c.l. smooth,escape,1994
252,4014,sarah mclachlan,elsewhere,1993
253,24567,iron maiden,killers,1981
254,23044,the movement,sweet life,2014
255,21761,pato banton,one world (not three),1992
256,6591,miia,dynasty,2015
257,21954,eek-a-mouse,shopping,1996
258,26115,the strokes,take it or leave it,2001
259,18241,the emotions,no plans for tomorrow,1976
260,9204,38 special,honky tonk dancer,1980
261,21327,toyan,jah love in we heart,1981
262,19072,nat king cole,how i'd love to love you,1992
263,22068,slightly stoopid,violence,1998
264,22552,stone senses,open mind,2006
265,11957,willie nelson,hero,2012
266,8781,gordon lightfoot,don quixote,1975
267,16125,the wood brothers,sing it again,2009
268,2857,simon & garfunkel,slip slidin' away,1982
269,10934,rodney carrington,little things,1998
270,15227,the brian jonestown massacre,true love,1996
271,10234,don williams,back in my younger days,1990
272,19359,blossom dearie,between the devil and the deep blue sea,1997
273,16000,big maybelle,96 tears,2007
274,24460,devo,gates of steel,1980
275,17488,dean martin,white christmas,1959
276,19967,bonobo,if you stayed over,2006
277,15037,buddy guy,change in the weather,1993
278,23961,neil young,heart of gold,1972
279,11131,randy travis,amazing grace,2000
280,10435,travis tritt,t-r-o-u-b-l-e,1992
281,10688,jerry reed,another puff,1995
282,18657,dan siegel,next to you,1983
283,1572,carole king,it's going to take some time,1971
284,19685,kirk whalum,falling in love with jesus,2002
285,1707,michael jackson,got to be there,1972
286,20883,tesseract,king,2018
287,8699,gary wright,blind feeling,1975
288,14706,santana,veracruz,1987
289,15770,eagles of death metal,stacks o' money,2004
290,2486,the sound,missiles,1980
291,16248,the dead weather,die by the drop,2010
292,6011,go radio,rolling in the deep,2011
293,770,lesley gore,i died inside,1964
294,1652,odyssey,our lives are shaped by what we love,1972
295,7856,dottie west,in its own little way,1965
296,21104,lee perry & the upsetters,dread locks,1974
297,26468,the libertines,don’t look back into the sun,2007
298,20746,yazmin lacey,marie,2017
299,23899,led zeppelin,the battle of evermore,1971
300,9923,ernest tubb,walking the floor over you,1987
301,19731,oi va voi,yesterday's mistakes,2003
302,8248,johnny cash,nazarene,1969
303,18100,pharoah sanders,love is everywhere,1973
304,6061,selena gomez & the scene,love you like a love song,2011
305,27124,banners,start a riot,2016
306,22316,ziggy marley,rainbow in the sky,2003
307,26466,arctic monkeys,balaclava,2007
308,15773,death from above 1979,cold war,2004
309,8362,leon russell,she belongs to me,1971
310,26258,cake,the guitar man,2004
311,16674,the dead weather,i feel love (every million miles),2015
312,8389,judee sill,the archetypal man,1971
313,15433,the white stripes,a boy's best friend,2000
314,20095,the faceless,planetary duality i: hideous revelation,2008
315,7057,brownie mcghee,long gone,1951
316,8549,chris ledoux,national finals rodeo,1973
317,12193,cole swindell,should've ran after you,2015
318,6574,twenty one pilots,tear in my heart,2015
319,2786,the jam,ghosts,1982
320,6678,famous dex,hoes mad,2016
321,15656,nick moss & the flip tops,ain't times hard,2003
322,7420,conway twitty,above and beyond (the call of love),1961
323,11415,kenny chesney,outta here,2004
324,17396,louis armstrong,i was doing all right,1957
325,16389,anders osborne,send me a friend,2012
326,25523,tool,intolerance,1993
327,1655,todd rundgren,when the shit hits the fan / sunset blvd.,1972
328,14460,chris rea,reasons,1984
329,24517,grateful dead,to lay me down,1981
330,28228,8ball & mjg,gangsta,2018
331,9176,alabama,very special love,1980
332,1736,electric light orchestra,ocean breakup / king of the universe,1973
333,12804,ray charles,just for a thrill,1959
334,5945,justin bieber,stuck in the moment,2010
335,4417,donell jones,knocks me off my feet,1996
336,4980,field mob,sick of being lonely,2002
337,18789,kenny g,beautiful,1986
338,19003,meshuggah,sickening,1991
339,2985,the plimsouls,oldest story in the world,1983
340,26854,muse,panic station,2012
341,17889,roberta flack,compared to what,1969
342,9810,earl thomas conley,attracted to pain,1986
343,12752,b.b. king,time to say goodbye,1958
344,22343,slightly stoopid,running with a gun,2003
345,2460,xtc,roads girdle the globe,1979
346,26305,chevelle,vitamin r (leading us along),2004
347,20348,caravan palace,clash,2012
348,22013,half pint,one big family,1997
349,6187,santigold,disparate youth,2012
350,9215,alabama,if you're gonna play in texas (you gotta have a fiddle in the band),1980
351,24835,rush,red sector a,1984
352,28369,nine,whutcha want?,2019
353,905,the byrds,eight miles high,1965
354,25977,a perfect circle,thomas,2000
355,21337,black uhuru,journey,1981
356,12649,muddy waters,long distance call,1957
357,18087,roy ayers,king george,1973
358,23579,wanda jackson,tongue tied,1961
359,10973,garth brooks,where your road leads,1998
360,12280,old dominion,a girl is a gun,2017
361,3632,galaxie 500,blue thunder,1989
362,13498,link wray,fire and brimstone,1971
363,15229,beth hart,blame the moon,1996
364,21463,ini kamoze,hail mi idren,1984
365,5726,vampire weekend,mansard roof,2008
366,5192,t.i.,motivation,2004
367,20293,between the buried and me,lunar wilderness,2011
368,4472,three 6 mafia,where's da bud,1997
369,3432,bad religion,pessimistic lines,1988
370,14983,arc angels,carry me on,1992
371,20177,madeleine peyroux,bare bones,2009
372,21267,bob marley & the wailers,wake up and live,1979
373,2160,pussycat,my broken souvenirs,1977
374,23246,damian marley,so a child may follow,2017
375,10113,mary chapin carpenter,grow old with me,1989
376,1444,the flying burrito brothers,"cody, cody",1970
377,15159,mose allison,"hey, good lookin'",1994
378,1916,sweet,fox on the run,1974
379,5115,fall out boy,the pros and cons of breathing,2003
380,23170,raging fyah,judgement day,2015
381,19201,diane schuur,i can't stop loving you,1994
382,13074,aretha franklin,what a diff'rence a day made,1964
383,21959,bounty killer,gun down,1996
384,12643,ruth brown,5-10-15 hours,1957
385,21650,pato banton,situation crazy,1990
386,6513,rainbow kitten surprise,goodnight chicago,2015
387,26883,the lumineers,elouise,2013
388,24315,judas priest,beyond the realms of death,1978
389,26726,the strokes,two kinds of happiness,2011
390,21755,ziggy marley & the melody makers,when the lights gone out,1992
391,3931,4 non blondes,calling all the people,1992
392,22741,stick figure,thick & thin,2009
393,6469,the neighbourhood,r.i.p. 2 my youth,2015
394,25768,megadeth,she-wolf,1997
395,6554,melanie martinez,pity party,2015
396,16991,the wood brothers,seasick emotions,2018
397,7357,conway twitty,lonely blue boy,1960
398,15207,dinah washington,it might as well be spring,1995
399,20321,crazy p,heartbreaker,2011
400,25100,bulletboys,for the love of money,1988
401,21626,gregory isaacs,big all around,1989
402,1932,electric light orchestra,eldorado finale,1974
403,8518,bachman-turner overdrive,give it time,1973
404,6581,melanie martinez,cry baby,2015
405,5368,50 cent,just a lil bit,2005
406,25271,ac/dc,moneytalks,1990
407,11583,casey donahew,white trash story,2006
408,18711,al jarreau,after all,1984
409,119,eddie cochran,sittin' in the balcony,1957
410,16206,the sheepdogs,the one you belong to,2010
411,3643,babyface,tender lover,1989
412,26212,phil collins,welcome,2003
413,10152,the judds,river of time,1989
414,16581,tinariwen,arhegh danagh,2014
415,24548,bob seger,nine tonight,1981
416,26931,bastille,flaws,2013
417,14768,adam gussow,freedom for my people,1988
418,6975,dj khaled,"you stay (feat. meek mill, j balvin, lil baby & jeremih)",2019
419,5820,phantogram,when i'm small,2009
420,11435,randy rogers band,tonight's not the night,2004
421,14402,santana,night hunting time,1983
422,3092,madonna,stay,1984
423,15576,hasil adkins,no more hot dogs,2002
424,27212,seether,let you down,2017
425,7106,george jones,long time to forget,1955
426,27360,grandson,stick up,2018
427,14581,bad company,burning up,1986
428,24659,slayer,evil has no boundaries,1983
429,9307,emmylou harris,son of a rotten gambler,1981
430,7808,merle haggard,falling for you,1965
431,12497,louis prima,eleanor,1951
432,18475,ronnie laws,every generation,1980
433,26591,dave matthews band,why i am,2009
434,20723,kadhja bonet,nobody other,2016
435,18502,spyro gyra,philly,1980
436,25160,ministry,so what,1989
437,23016,chronixx,most i,2013
438,8889,david allan coe,laid back and wasted,1977
439,13203,nina simone,i love your lovin' ways,1966
440,15124,sonic youth,waist,1994
441,16051,the parlor mob,my favorite heart to break,2008
442,21375,bob marley & the wailers,rastaman chant,1982
443,923,bob dylan,"if you gotta go, go now (or else you got to stay all night)",1965
444,21259,mikey dread,step by step,1979
445,7543,hank thompson,forgive me,1963
446,11367,lynyrd skynyrd,red white & blue,2003
447,7765,hank locklin,"please help me, i'm falling",1965
448,14902,the subdudes,push and shove,1991
449,7155,carl smith,time changes everything,1957
450,19905,breakestra,hiding,2005
451,9857,george strait,there's a new kid in town,1986
452,8755,gary wright,love is alive,1975
453,11068,bill monroe,uncle pen,1999
454,1992,labi siffre,another year,1975
455,2262,gerry rafferty,mattie's rag,1978
456,18697,george benson,out of the blue,1984
457,6051,ed sheeran,the a team,2011
458,11492,jason aldean,why,2005
459,9666,ronnie milsap,still losing you,1984
460,11117,tanya tucker,oh what it did to me,2000
461,25076,pink floyd,one slip,1987
462,16633,samantha fish,highway's holding me now,2015
463,22567,passafire,asteroid,2007
464,5329,madonna,jump,2005
465,14510,gary moore,listen to your heartbeat,1985
466,25351,primus,those damned blue-collar tweekers,1991
467,27554,sindicato argentino del hip hop,el dinero,2005
468,11194,the gourds,dooley,2001
469,9154,alabama,face to face,1980
470,14292,rory gallagher,big guns,1982
471,26937,current joys,blondie,2013
472,2155,the babys,a piece of the action,1977
473,6023,sleeping with sirens,f**k you,2011
474,11981,love and theft,if you ever get lonely,2012
475,27213,peter bradley adams,my arms were always around you,2017
476,23430,pepper,goddaughter (feat. e.n young),2019
477,1209,mary hopkin,goodbye,1968
478,11799,miranda lambert,me and your cigarettes,2009
479,16404,ted nugent,tooth fang & claw,2012
480,22184,dispatch,lightning,2000
481,2154,brian eno,no one receiving,1977
482,13464,"crosby, stills, nash & young",find the cost of freedom,1971
483,9649,vern gosdin,slow healing heart,1984
484,3275,the smithereens,behind the wall of sleep,1986
485,721,connie francis,everybody's somebody's fool,1963
486,23462,the platters,don't forget,1957
487,16690,thee oh sees,withered hand,2015
488,8881,boz scaggs,still falling for you,1977
489,27498,xscape,hip hop barber shop request line,1995
490,11617,josh ritter,to the dogs or whoever,2007
491,9084,willie nelson,let the rest of the world go by,1979
492,28133,the roots,proceed,2017
493,7585,patsy cline,why can't he be you,1963
494,10426,hank williams,there's a tear in my beer,1992
495,11542,casey donahew,crash,2006
496,14511,slade,harmony,1985
497,14461,nazareth,burning down,1984
498,24551,stevie nicks,kind of woman,1981
499,22301,soja,"forgive, don't forget",2002
500,2289,wire,mercy,1978
501,11953,corb lund,gettin' down on the mountain,2012
502,20571,tesseract,tourniquet,2015
503,3,pérez prado,patricia,1950
504,1708,raspberries,let's pretend,1972
505,18406,george benson,welcome into my world,1979
506,3391,terence trent d'arby,wishing well,1987
507,18352,larry carlton,don't give it up,1978
508,4687,naughty by nature,holiday (feat. phiness),1999
509,6231,johnnyswim,don't let it get you down,2013
510,20731,lando chill,coroner,2016
511,2211,abba,"one man, one woman",1977
512,22390,the ethiopians,the whip,2004
513,13491,"crosby, stills, nash & young",chicago,1971
514,12242,whiskey myers,good ole days (feat. brent cobb),2016
515,23976,black sabbath,under the sun,1972
516,1468,the impressions,check out your mind,1970
517,7819,johnny cash,the streets of laredo,1965
518,9765,keith whitley,nobody in his right mind would've left her,1985
519,19811,de la soul,verbal clap,2004
520,4004,the black crowes,thorn in my pride,1992
521,6926,ella mai,shot clock,2018
522,25125,anthrax,"be all, end all",1988
523,2614,abba,soldiers,1981
524,24514,genesis,keep it dark,1981
525,14744,jerry garcia,i second that emotion,1988
526,28364,nipsey hussle,hussle in the house,2019
527,22295,shaggy,get my party on,2002
528,7034,ed sheeran,way to break my heart (feat. skrillex),2019
529,16293,kenny wayne shepherd,baby the rain must fall,2011
530,10280,jim reeves,anna marie,1991
531,2250,siouxsie and the banshees,nicotine stain,1978
532,501,brenda lee,will you love me tomorrow,1961
533,12301,kacey musgraves,the wurlitzer prize,2017
534,27618,positive k,i got a man (re-recorded),2008
535,19137,bing crosby,far away places,1993
536,5691,fleet foxes,white winter hymnal,2008
537,26609,sidewalk prophets,the words i would say,2009
538,726,lesley gore,run bobby run,1963
539,25309,pantera,heresy,1990
540,22899,cali p,herbist,2012
541,11327,corey smith,long way to go,2003
542,12577,billie holiday,too marvelous for words,1956
543,8826,peter frampton,jumping jack flash,1976
544,12163,mud digger,"backroads life (feat. charlie farley, demun jones & the lacs)",2015
545,18870,bix beiderbecke,royal garden blues,1988
546,12609,junior wells,cha cha cha in blue,1957
547,789,the beach boys,papa-oom-mow-mow,1964
548,15581,santana,sideways (feat. citizen cope),2002
549,2851,mission of burma,that's how i escaped my certain fate,1982
550,12885,b.b. king,i was blind,1960
551,26732,chris tomlin,indescribable,2011
552,16870,ron gallo,please yourself,2017
553,27063,the garden,egg,2015
554,21901,patra,deep inside,1995
555,11077,john prine,(we're not) the jet set (feat. iris dement),1999
556,4670,savage garden,affirmation,1999
557,11758,david nail,missouri,2009
558,12123,whiskey myers,reckoning,2014
559,19893,tito nieves,i'll always love you,2005
560,8538,the ozark mountain daredevils,within without,1973
561,9636,the judds,love is alive,1984
562,24370,the police,the bed's too big without you,1979
563,13620,alice cooper,mary ann,1973
564,11648,eilen jewell,high shelf booze,2007
565,8052,hank locklin,bonaparte's retreat,1967
566,22891,burning spear,christopher columbus,2012
567,687,cliff richard & the shadows,the next time,1963
568,23167,tropidelic,police state,2015
569,23018,beres hammond,pull up vibes,2013
570,15009,eric clapton,my father's eyes,1992
571,4700,mandy moore,cry,1999
572,24757,david bowie,cat people (putting out fire),1983
573,26301,pillar,frontline,2004
574,10357,reba mcentire,he's in dallas,1991
575,6623,post malone,broken whiskey glass,2016
576,553,bobby vee,run to him,1962
577,4668,savage garden,crash and burn,1999
578,6841,james arthur,naked,2017
579,2951,madonna,lucky star,1983
580,16305,phish,vultures,2011
581,27948,public enemy,can't truss it,2015
582,14165,sonic youth,the burning spear (live),1981
583,22364,bargain music,i'm waiting,2003
584,8147,dillard & clark,git it on brother,1968
585,20399,parov stelar,jimmy's gang,2012
586,5928,katy perry,the one that got away,2010
587,17042,justin townes earle,ain’t got no money,2019
588,8576,james gang,the devil is singing our song,1973
589,25844,kid rock,i got one for ya',1998
590,1287,the monkees,as we go along,1968
591,26376,the kooks,do you love me still?,2006
592,8495,tanya tucker,old dan tucker's daughter,1972
593,17901,roberta flack,our ages or our hearts,1969
594,6567,x ambassadors,unsteady,2015
595,6,freestyle,opm medley: when i met you,1950
596,1857,barry manilow,looks like we made it,1974
597,15450,lee dorsey,holy cow,2000
598,12601,billie holiday,strange fruit,1956
599,5910,kid cudi,maniac,2010
600,15475,"bobby ""blue"" bland",two steps from the blues,2001
601,23973,jim croce,hey tomorrow,1972
602,15724,john fogerty,deja vu (all over again),2004
603,14712,dinah washington,baby did you hear,1987
604,11371,martina mcbride,this one's for the girls,2003
605,26013,mudvayne,dig,2000
606,17055,des rocs,outta my mind,2019
607,3014,the stranglers,let me down easy,1984
608,26963,alvvays,adult diversion,2014
609,8041,porter wagoner,words and music,1967
610,2637,the j. geils band,piss on the wall,1981
611,19643,tony bennett,new york state of mind (with billy joel),2001
612,21548,sumo,crua chan,1987
613,25917,powerman 5000,nobody's real,1999
614,4665,incubus,clean,1999
615,13681,eric clapton,the sky is crying / have you ever loved a woman / rambling on my mind,1974
616,20763,moonchild,hideaway,2017
617,4732,four tops,bernadette,1999
618,23252,shag rock,lip addiction,2017
619,22283,soja,true love,2002
620,883,manfred mann,"if you gotta go, go now",1965
621,19461,brian hughes,smile,1999
622,15938,willie clayton,beautiful,2006
623,7120,jean shepard,over and over,1956
624,18452,grant green,it ain't necessarily so,1980
625,11610,rascal flatts,yes i do,2006
626,14527,gary moore,out of my system,1985
627,22833,dispatch,con man,2011
628,6946,calvin harris,one kiss (with dua lipa),2018
629,7316,hank thompson,the blackboard of my heart,1960
630,12070,the band perry,don’t let me be lonely,2013
631,8642,dolly parton,living on memories of you,1974
632,24481,mötley crüe,too fast for love,1981
633,17626,brenda lee,where are you?,1963
634,16888,buddy guy,you did the crime,2018
635,4301,michael jackson,tabloid junkie,1995
636,3511,paula abdul,straight up,1988
637,4596,zebrahead,check,1998
638,18294,"emerson, lake & palmer",show me the way to go home,1977
639,2568,xtc,generals and majors,1980
640,3233,salt-n-pepa,my mic sounds nice,1986
641,9175,dolly parton,same old fool,1980
642,22086,ub40,good ambition,1998
643,27012,beck,blue moon,2014
644,18622,frank zappa,moggio,1983
645,3280,siouxsie and the banshees,cities in dust,1986
646,13627,steely dan,razor boy,1973
647,11743,lynyrd skynyrd,southern ways,2009
648,24560,iron maiden,purgatory,1981
649,24463,journey,stay awhile,1980
650,27369,jakob ogawa,velvet light,2018
651,5310,jeezy,trap star,2005
652,10874,wayne hancock,johnny law,1997
653,22092,ub40,crying over you,1998
654,15186,mad season,i'm above,1995
655,7509,george jones,a house without love,1962
656,2791,duran duran,hold back the rain,1982
657,3883,slint,"good morning, captain",1991
658,1508,harry nilsson,are you sleeping?,1970
659,7582,eddy arnold,leanin' on the old top rail,1963
660,13113,otis redding,ole man trouble,1965
661,5249,avril lavigne,my happy ending,2004
662,7449,conway twitty,the next kiss (is the last goodbye),1962
663,24337,james taylor,millworker,1979
664,6939,shawn mendes,in my blood,2018
665,3096,gloria estefan,1-2-3,1984
666,19602,brian culbertson,nice & slow,2001
667,24088,elton john,(gotta get a) meal ticket,1975
668,313,dion & the belmonts,don't pity me,1959
669,665,the impressions,i'm the one who loves you,1963
670,11591,dixie chicks,easy silence,2006
671,24028,black sabbath,a national acrobat,1973
672,2127,cliff richard,if you walked away,1976
673,28102,snoop dogg,still a g thang,2017
674,17280,judy garland,after you've gone,1955
675,11530,honeybrowne,take me home country roads,2006
676,3766,tom petty and the heartbreakers,out in the cold,1991
677,24358,the police,walking on the moon,1979
678,27983,rahn harper,earnings,2016
679,2944,new order,we all stand,1983
680,21499,ub40,the buzz feeling,1985
681,24848,mötley crüe,fight for your rights,1985
682,9041,dan fogelberg,beggar's game,1979
683,19863,cantoma,the call,2005
684,17922,david axelrod,the signs part i,1970
685,3485,screeching weasel,supermarket fantasy,1988
686,23288,babe rainbow,peace blossom boogy,2017
687,6229,kyle,sex & super smash bros.,2013
688,2419,donna summer,one night in a lifetime,1979
689,374,sam cooke,good times,1960
690,18113,"earth, wind & fire",build your nest,1973
691,15161,chris duarte,big-legged woman,1994
692,7809,merle haggard,you don't have far to go,1965
693,6120,brad knauber,don't mine at night,2012
694,27677,thundamentals,i hip hop,2009
695,25546,mötley crüe,power to the music,1994
696,12387,brett young,chapters,2018
697,24978,slayer,raining blood,1986
698,24869,megadeth,chosen ones,1985
699,12203,zac brown band,young and wild,2015
700,7173,patsy cline,in care of the blues,1957
701,3559,new order,all the way,1989
702,5260,jimmy eat world,pain,2004
703,27157,greensky bluegrass,past my prime,2016
704,12229,cody johnson,billy's brother,2016
705,22311,seeed,love is the queen,2003
706,16266,jj grey & mofro,georgia warhorse,2010
707,22120,sanchez,the christian life,1999
708,2805,social distortion,all the answers,1982
709,14960,billie holiday,prelude to a kiss,1991
710,24273,england dan,broken hearted me,1978
711,25467,ministry,just one fix,1992
712,4607,juvenile,gone ride with me,1998
713,18324,art farmer,chanson,1977
714,26633,enjoy,i've wasted so much time,2010
715,21081,bob marley & the wailers,concrete jungle,1973
716,27883,lil wayne,welcome to tha concrete jungle,2014
717,18434,ray barretto,pastime paradise,1979
718,13217,otis redding,are you lonely for me baby,1967
719,28210,lndn drgs,hop out (feat. curren$y),2018
720,2893,the the,the sinking feeling,1983
721,20465,tesseract,of mind,2013
722,3580,new order,dream attack,1989
723,5105,yellowcard,"one year, six months",2003
724,26292,crossfade,the deep end,2004
725,28002,boosie badazz,window of my eyes,2017
726,18140,joe henderson,water,1974
727,7437,stonewall jackson,second choice,1962
728,20305,terrace martin,do it again,2011
729,24893,dire straits,so far away,1985
730,28145,kelly rowland,wonderful christmas time,2017
731,12386,kelsea ballerini,legends,2018
732,7099,marah,counting the days,1954
733,12245,aaron lewis,stuck in these shoes,2016
734,1094,the beach boys,gettin' hungry (mono),1967
735,6559,shawn mendes,never be alone,2015
736,18576,sonny stitt,sunset,1982
737,1686,seals and crofts,hummingbird,1972
738,619,the shirelles,putty in your hands,1962
739,16576,fantastic negrito,nobody makes money,2014
740,11001,gillian welch,i'm not afraid to die,1998
741,27889,lil wayne,they still like me,2014
742,15978,robert plant,please read the letter,2007
743,11998,dierks bentley,breathe you in,2012
744,26596,the bravery,hatef--k,2009
745,10747,travis tritt,only you (and you alone),1995
746,4512,mary j. blige,it's on,1997
747,21476,black uhuru,try it,1984
748,20597,native construct,the spark of the archon,2015
749,22434,warrior king,jah is always there,2005
750,4389,soul coughing,soft serve,1996
751,10502,uncle tupelo,fifteen keys,1993
752,12296,the band steele,sit awhile,2017
753,2870,oingo boingo,sweat,1983
754,13551,j.j. cale,everything will be alright,1972
755,11643,brad paisley,when we all get to heaven,2007
756,14760,traveling wilburys,congratulations,1988
757,8190,johnny cash,flowers on the wall,1968
758,2015,steve harley,make me smile (come up and see me),1975
759,16459,night beats,outta mind,2013
760,127,the chordettes,love never changes,1957
761,25858,metallica,crash course in brain surgery,1998
762,12966,aretha franklin,i'm sitting on top of the world,1962
763,25531,billy joel,the river of dreams,1993
764,18550,brick,right back,1981
765,15810,black rebel motorcycle club,the line,2005
766,11647,merle haggard,it's not love (but it's not bad),2007
767,7610,conway twitty,what am i living for,1963
768,14100,billie holiday,i'm gonna lock my heart (and throw away the key),1980
769,11817,josh abbott band,all of a sudden,2010
770,26374,priestess,lay down,2006
771,14926,screamin' jay hawkins,you ain't foolin' me,1991
772,24572,judas priest,bloodstone,1982
773,14891,gary moore,texas strut,1990
774,15038,bessie smith,blue spirit blues,1993
775,25075,george harrison,when we was fab,1987
776,19237,the mills brothers,tiger rag,1995
777,28062,busta rhymes,there's not a problem my squad can't fix,2017
778,2714,orchestral manoeuvres in the dark,she's leaving,1981
779,3409,pixies,i've been tired,1987
780,24168,billy joel,get it right the first time,1977
781,14584,nazareth,one from the heart,1986
782,21250,capital letters,out of africa,1979
783,11729,the felice brothers,frankie's gun!,2008
784,5645,francesca battistelli,free to be me,2008
785,7061,lester flatt,gone home,1951
786,2905,paul simon,song about the moon,1983
787,22403,the expendables,bridges burned,2004
788,5892,kevin rudolf,i made it (cash money heroes),2010
789,22975,ballyhoo!,a lesson in gravity,2013
790,3600,lisa stansfield,this is the right time,1989
791,5164,blink-182,violence,2003
792,11119,terri clark,no fear,2000
793,18458,ronnie laws,tomorrow,1980
794,25313,soundgarden,room a thousand years wide,1991
795,8589,richard thompson,we sing hallelujah,1974
796,24128,bob seger,lookin' back,1976
797,25848,system of a down,suite-pee,1998
798,1002,nancy sinatra,flowers on the wall,1966
799,16587,scott h. biram,jack of diamonds,2014
800,20598,nujabes,luv (sic) pt4 lastorder remix,2015
801,21717,shabba ranks,ram dancehall,1991
802,22946,matisyahu,i believe in love,2012
803,8211,merle haggard,i'm free,1969
804,24198,jimmy buffett,lovely cruise,1977
805,4525,mary j. blige,everything,1997
806,27868,nate millyunz,adrenaline,2013
807,8728,loretta lynn,feelins',1975
808,414,frankie avalon,i'll wait for you,1960
809,16776,robert randolph & the family band,got soul,2016
810,2148,boz scaggs,hard times,1977
811,9661,dolly parton,"i can't help myself (sugar pie, honey bunch)",1984
812,17193,thelonious monk,let's call this,1954
813,7942,hank williams,a house without love,1966
814,11498,kenny chesney,guitars and tiki bars,2005
815,447,johnny burnette,mona lisa,1961
816,9610,blackfoot,summer days,1984
817,16129,sonic youth,sacred trickster,2009
818,8988,hank williams,take these chains from my heart,1978
819,2508,siouxsie and the banshees,red light,1980
820,26287,seether,out of my way,2004
821,13698,"bobby ""blue"" bland",ain't no love in the heart of the city,1974
822,11925,thompson square,glass,2011
823,19388,hieroglyphics,intro,1998
824,11994,carrie underwood,thank god for hometowns,2012
825,16861,coco montoya,before the bullets fly,2017
826,5280,sugarland,something more,2004
827,810,judy collins,"turn, turn, turn! / to everything there is a season",1964
828,17618,stan getz,her,1962
829,25005,journey,positive touch,1986
830,2453,blondie,atomic,1979
831,8449,waylon jennings,sweet dream woman,1972
832,6706,lady gaga,million reasons,2016
833,25429,l7,pretend we're dead,1992
834,10430,lee greenwood,god bless america,1992
835,20567,zaz,champs-elysées,2014
836,15470,magic sam,21 days in jail,2001
837,24775,queen,it's a hard life,1984
838,27715,rob base,it takes two (re-recorded),2010
839,24941,genesis,throwing it all away,1986
840,9611,emmylou harris,someone like you,1984
841,16012,indigenous,should i stay,2008
842,15861,left lane cruiser,big mama,2006
843,9359,"hank williams, jr.",how's my ex treating you,1981
844,622,roy orbison,summer song,1962
845,3443,when in rome,heaven knows,1988
846,3616,galaxie 500,isn't it a pity,1989
847,5182,stacie orrico,(there's gotta be) more to life,2003
848,27688,"royce da 5'9""",on the run,2009
849,5798,anarbor,you and i,2009
850,11076,montgomery gentry,tattoos & scars,1999
851,5771,uncle kracker,good to be me (feat. kid rock),2009
852,23188,michael franti & spearhead,still standing,2016
853,13236,ella fitzgerald,it came upon a midnight clear,1967
854,9248,"crosby, stills & nash",first things first,1980
855,10847,son volt,caryatid easy,1997
856,22927,matisyahu,searchin,2012
857,16099,eagles of death metal,heart on,2008
858,18931,joe sample,leading me back to you,1989
859,19470,michael franks,every time she whispers,1999
860,11837,trace adkins,this ain't no love song,2010
861,21011,the hippy boys,moon walk,1969
862,26076,eels,fresh feeling,2001
863,390,dion & the belmonts,i'm through with love,1960
864,13802,thin lizzy,massacre,1976
865,15140,blues traveler,"the good, the bad and the ugly",1994
866,17075,thee oh sees,fu xi,2019
867,10069,rodney crowell,after all this time,1988
868,19274,jack jones,lollipops and roses,1995
869,22916,konshens,on your face,2012
870,23508,the big bopper,someone watching over you,1958
871,101,groovie ghoulies,blood beach,1957
872,13745,bonnie raitt,my first night alone without you,1975
873,25968,deftones,pink maggit,2000
874,24462,black sabbath,lady evil,1980
875,14775,phish,timber,1988
876,17588,nat king cole,buon natale (means merry christmas to you),1962
877,17350,nat king cole,stella by starlight,1956
878,8866,willie nelson,i want to be with you always,1977
879,7577,willie nelson,lonely little mansion,1963
880,1913,bay city rollers,saturday night,1974
881,20500,dj harrison,erykah’s gun,2014
882,3116,inxs,good + bad times,1985
883,18274,average white band,soul searching,1976
884,6762,khalid,winter,2017
885,2986,violent femmes,to the kill,1983
886,8274,derek & the dominos,bell bottom blues,1970
887,5841,adam lambert,if i had you,2009
888,11631,ryan adams,two,2007
889,11820,zac brown band,colder weather (feat. little big town),2010
890,21450,jah shaka,help,1984
891,6308,drake,too much,2013
892,12886,john lee hooker,one of these days,1960
893,25061,anthrax,indians,1987
894,6248,jeff williams,red like roses,2013
895,5923,justin bieber,somebody to love,2010
896,9971,k.d. lang,i wish i didn't love you so,1988
897,26800,shinedown,amaryllis,2012
898,7090,june carter cash,no swallerin' place,1952
899,1253,dionne warwick,"promises, promises",1968
900,271,connie francis,non dimenticar,1959
901,14046,j.j. cale,thirteen days,1979
902,13826,taj mahal,easy to love,1976
903,6721,panic! at the disco,house of memories,2016
904,26293,sevendust,hurt (dedicated to johnny cash),2004
905,12936,nina simone,merry mending,1962
906,22440,mad cobra,tek him,2005
907,26163,trapt,echo,2002
908,1717,can,sing swan song,1972
909,18455,sarah vaughan,in a sentimental mood,1980
910,7729,tammy wynette,precious memories,1964
911,20737,deca,the way through,2017
912,25762,metallica,slither,1997
913,23944,carpenters,hurting each other,1972
914,24798,foreigner,down on love,1984
915,27546,j-kwon,you & me,2004
916,27707,damos,hip hop,2009
917,9572,willie nelson,until it's time for you to go,1984
918,7947,hank thompson,hangover heart,1966
919,4959,incubus,warning,2001
920,20635,native construct,come hell or high water,2015
921,8357,johnny cash,if not for love,1971
922,8883,merle haggard,when my last song is sung,1977
923,26959,nonpoint,breaking skin,2014
924,9913,jonathan edwards,"winkin, blinkin and nod",1987
925,10840,roy clark,yesterday when i was young,1996
926,2818,missing persons,walking in l.a.,1982
927,13465,rory gallagher,for the last time,1971
928,19703,paul desmond,here's that rainy day,2002
929,26227,ween,transdermal celebration,2003
930,19013,glenn miller,blue rain,1991
931,19176,pete rock,one in a million,1993
932,284,the platters,smoke gets in your eyes,1959
933,3342,the cars,strap me in,1987
934,23385,kash'd out,gimme love,2019
935,7386,don gibson,born to lose,1961
936,25723,pantera,the great southern trendkill,1996
937,848,the dave clark five,bits and pieces,1964
938,14869,the jeff healey band,something to hold on to,1990
939,4454,brandy,missing you,1996
940,19907,chuck loeb,tropical,2005
941,23445,elvis presley,blue moon,1956
942,22220,dispatch,the general (live),2001
943,24114,bee gees,nights on broadway,1975
944,11299,dixie chicks,landslide,2002
945,10637,randy travis,whisper my name,1994
946,22709,ziggy marley,hold him joe,2009
947,18937,angelo debarre,valse de bamboula,1989
948,24330,bob dylan,gotta serve somebody,1979
949,21338,israel vibration,live and give,1981
950,14011,the fall,a figure walks,1979
951,5618,paramore,"for a pessimist, i'm pretty optimistic",2007
952,26808,nonpoint,that day,2012
953,12066,donna taggart,jealous of the angels,2013
954,11560,randy rogers band,before i believe it's true,2006
955,27587,the game,it's the game,2007
956,26272,soil,pride,2004
957,23205,alborosie,rocky road,2016
958,4059,new order,regret,1993
959,21913,super cat,dance,1995
960,11589,eric church,pledge allegiance to the hag,2006
961,20245,fred astaire,we saw the sea,2010
962,25528,aerosmith,amazing,1993
963,20517,swans,bring the sun/toussaint l'ouverture,2014
964,2224,jackson browne,cocaine,1977
965,499,del shannon,jody,1961
966,5046,amanda perez,angel,2002
967,24613,michael mcdonald,i can let go now,1982
968,26486,bring me the horizon,diamonds aren't forever,2008
969,14394,krokus,headhunter,1983
970,16985,"albert hammond, jr.",far away truths,2018
971,21442,jah shaka,captivity,1984
972,27633,tha alkaholiks,hip-hop drunkies,2008
973,2430,the boomtown rats,someone's looking at you,1979
974,15695,phish,crowd control,2004
975,3125,simple minds,don't you (forget about me),1985
976,26442,12 stones,world so cold,2007
977,7936,hank locklin,"anywhere is ""home""",1966
978,8391,the doobie brothers,slippery st. paul,1971
979,14048,jethro tull,dark ages,1979
980,27636,grandmaster melle mel,white lines,2008
981,15830,the white stripes,i'm lonely (but i ain't that lonely yet),2005
982,29,lata mangeshkar,maagata maagata janm gele,1953
983,1340,donovan,i love my shirt,1969
984,24303,carpenters,sleigh ride,1978
985,7362,don gibson,just one time,1960
986,7174,johnny cash,i heard that lonesome whistle,1957
987,10565,cracker,take me down to the infirmary,1993
988,3731,mariah carey,love takes time,1990
989,1112,the monkees,zilch,1967
990,9783,billy bragg,the passion,1986
991,22800,inner circle,sweat (a la la la la long),2010
992,26843,thousand foot krutch,courtesy call,2012
993,7355,johnny cash,honky-tonk girl,1960
994,27417,phantogram,into happiness,2019
995,4343,lagwagon,violins,1995
996,4286,mariah carey,daydream interlude,1995
997,11597,hank williams iii,thrown out of the bar,2006
998,14459,chris rea,ace of hearts,1984
999,15118,gary moore,with love (remember),1994
1000,16464,jonny lang,not right,2013
1001,1489,michael nesmith,mama nantucket,1970
1002,7396,conway twitty,foggy river,1961
1003,25362,pearl jam,black,1991
1004,19282,meshuggah,future breed machine,1995
1005,27379,i dont know how but they found me,do it all the time,2018
1006,18884,mike stern,chromazone,1988
1007,14818,eric clapton,bad love,1989
1008,14751,chris rea,driving home for christmas,1988
1009,24666,slayer,die by the sword,1983
1010,13829,phoebe snow,no regrets,1976
1011,6950,finneas,let's fall in love for the night,2018
1012,10839,bill anderson,still,1996
1013,25428,megadeth,countdown to extinction,1992
1014,12755,b.b. king,i love you so,1958
1015,28007,black rob,pd world tour (feat. puff daddy),2017
1016,774,the supremes,ask any girl,1964
1017,11909,trace adkins,semper fi,2011
1018,25952,tom waits,hold on,1999
1019,2376,john mellencamp,small paradise,1979
1020,21202,culture,natty dread taking over,1977
1021,20038,gypsy swing revue,puttin' on the ritz,2007
1022,27603,dj jazzy jeff,brand new funk 2k7 feat. peedi crakk,2007
1023,14076,ted nugent,violent love,1980
1024,11746,casey donahew,angel,2009
1025,15397,mel waiters,hole in the wall,1999
1026,17358,vic damone,(when your heart's on fire) smoke gets in your eyes,1956
1027,17195,chet baker,it's you or no one,1954
1028,1497,alive 'n kickin',"tighter, tighter",1970
1029,7979,waylon jennings,down came the world,1966
1030,23627,elvis presley,fame and fortune,1963
1031,371,eden ahbez,the wanderer,1960
1032,10140,randy travis,somewhere in my broken heart,1989
1033,20285,the dear hunter,she's always singing,2011
1034,9617,george strait,what did you expect me to do,1984
1035,7598,johnny cash,the big battle,1963
1036,12337,jelly roll,hate goes on,2017
1037,2514,john martyn,sweet little mystery,1980
1038,10759,gillian welch,paper wings,1996
1039,25591,soundgarden,spoonman,1994
1040,16884,jd mcpherson,on the lips,2017
1041,24509,sammy hagar,piece of my heart,1981
1042,4364,silver jews,pet politics,1996
1043,22893,pacific dub,wasted,2012
1044,18135,cab calloway,the honeydripper,1974
1045,12228,upchurch,shit bubba,2016
1046,3566,donna summer,breakaway,1989
1047,13775,ted nugent,stormtroopin',1975
1048,27673,"royce da 5'9""",hood love,2009
1049,4080,björk,venus as a boy,1993
1050,17272,dean martin,moments like this,1954
1051,13785,thin lizzy,king's vengeance,1975
1052,26667,my darkest days,every lie,2010
1053,25547,beastie boys,flute loop,1994
1054,26735,bayside,"sick, sick, sick",2011
1055,184,buddy holly,take your time,1958
1056,12171,a thousand horses,smoke,2015
1057,2931,culture club,black money,1983
1058,19217,pete rock & c.l. smooth,all the places,1994
1059,12630,ella fitzgerald,dream a little dream of me,1957
1060,13945,small faces,thinkin' about love,1978
1061,21341,ub40,walk out,1981
1062,21808,third world,rhythm of life,1993
1063,684,roy orbison,(they call you) gigolette,1963
1064,16377,thee oh sees,lupine dominus,2012
1065,11858,jamey johnson,playing the part,2010
1066,20619,stacey kent,in the wee small hours of the morning,2015
1067,23730,the beatles,"here, there and everywhere",1966
1068,17220,rosemary clooney,bad news,1954
1069,25178,faster pussycat,slip of the tongue,1989
1070,25127,don mclean,crying,1988
1071,12267,ronnie dunn,that's why they make jack daniels,2016
1072,28127,gorilla zoe,what it is,2017
1073,24960,genesis,land of confusion,1986
1074,9975,drivin n cryin,can't promise you the world,1988
1075,19343,boney james,it's all good,1997
1076,9518,george strait,fifteen years going up (and one night coming down),1983
1077,20939,bob marley & the wailers,simmer down,1964
1078,24064,funkadelic,i'll stay,1974
1079,28016,d4l,betcha can't do it like me,2017
1080,7482,tom rush,no regrets,1962
1081,5747,kolohe kai,dream girl,2009
1082,10305,marty robbins,is there any chance,1991
1083,22877,jah cure,from my heart,2011
1084,15431,alice cooper,wicked young man,2000
1085,25078,depeche mode,strangelove,1987
1086,15367,delbert mcclinton,under suspicion,1999
1087,15646,the white stripes,"in the cold, cold night",2003
1088,2979,bryan adams,this time,1983
1089,6016,wiz khalifa,hopes & dreams,2011
1090,4486,incubus,vitamin,1997
1091,11305,emerson drive,fall into me,2002
1092,24800,chicago,hard habit to break,1984
1093,24240,styx,queen of spades,1978
1094,24507,stevie nicks,outside the rain,1981
1095,26321,(hed) p.e.,raise hell,2005
1096,12380,lewis brice,blessed,2018
1097,7722,johnny cash,apache tears,1964
1098,15985,queens of the stone age,turnin on the screw,2007
1099,24400,billy joel,sleeping with the television on,1980
1100,12968,nina simone,it don't mean a thing (if it ain't got that swing),1962
1101,16992,mike zito,i wouldn't treat a dog (the way you treat me),2018
1102,5972,young the giant,apartment,2011
1103,12425,midland,every song’s a drinkin’ song,2019
1104,12793,jimmy witherspoon,sweets' blues,1959
1105,13081,otis redding,these arms of mine,1964
1106,9366,atlanta rhythm section,pretty girl,1981
1107,11406,the grass roots,i'm livin' for you girl,2004
1108,4232,portishead,mysterons,1994
1109,7774,the pretty things,"mama, keep your big mouth shut",1965
1110,14695,whitesnake,is this love,1987
1111,7231,don gibson,take me as i am,1958
1112,7841,johnny cash,the wall,1965
1113,16021,molly hatchet,sharp dressed man,2008
1114,13117,don covay,come see about me,1965
1115,9683,willie nelson,send me the pillow you dream on,1985
1116,27086,matt maher,because he lives (amen),2015
1117,25988,the smashing pumpkins,"try, try, try",2000
1118,24446,ac/dc,shoot to thrill,1980
1119,24879,depeche mode,somebody,1985
1120,22976,demarco,standing soldier,2013
1121,23821,the who,tommy can you hear me?,1969
1122,1819,jackson browne,sing my songs to me,1973
1123,1182,the impressions,i can't stay away from you,1967
1124,1045,"dave dee, dozy, beaky, mick & tich",hold tight!,1966
1125,4572,lagwagon,may 16,1998
1126,27784,terror x crew,the real revenge (i alithini ekdikisi),2012
1127,11768,richard thompson,dad's gonna kill me,2009
1128,12614,mose allison,ain't you a mess,1957
1129,25534,depeche mode,i feel you,1993
1130,441,bobby vee,light infatuation,1961
1131,27832,lil b,hip hop based freestyle,2012
1132,17245,thelonious monk,smoke gets in your eyes,1954
1133,18687,frank zappa,planet of my dreams,1984
1134,17099,dean martin,absence makes the heart grow fonder (for somebody else),1950
1135,15458,the black crowes,lickin',2001
1136,20283,sound nomaden,the trumpet,2011
1137,8819,lynyrd skynyrd,(i got the) same old blues,1976
1138,22170,dispatch,douggie mayu's,2000
1139,14942,louis prima,"five months, two weeks, two days",1991
1140,17708,dean martin,if you were the only girl (in the world),1964
1141,13513,al green,"are you lonely for me, baby",1971
1142,4228,built to spill,distopian dream girl,1994
1143,26496,staind,believe,2008
1144,19694,pieces of a dream,love's silhouette,2002
1145,22711,can't hang,just for you,2009
1146,19639,jeff lorber,chopsticks,2001
1147,13093,the impressions,somebody help me,1964
1148,25084,the smiths,last night i dreamt that somebody loved me,1987
1149,21742,macka b,where is the love,1992
1150,8105,waylon jennings,money cannot make the man,1967
1151,14915,the cramps,blow up your mind,1991
1152,17398,blossom dearie,wait till you see him,1957
1153,15262,billie holiday,let's do it (let's fall in love),1996
1154,28131,trina,no panties (feat. tweet),2017
1155,8936,willie nelson,i'm a memory,1978
1156,23082,kbong,livin' easy (feat. stick figure),2014
1157,18968,tommy dorsey,indian summer,1990
1158,27807,t-pain,don't you quit,2012
1159,4945,a*teens,upside down,2001
1160,18944,louis armstrong,it's all in the game,1989
1161,18211,chocolate milk,action speaks louder than words,1975
1162,22361,lucky dube,ding ding licky licky bong,2003
1163,28289,denzel curry,this life,2019
1164,7600,jim reeves,memories are made of this,1963
1165,19267,fatback band,gotta get my hands on some (money),1995
1166,10161,little river band,listen to your heart,1990
1167,10016,reba mcentire,everytime you touch her,1988
1168,27747,jagged edge,where the party at? (re-recorded) [remastered],2011
1169,13002,bukka white,poor boy long ways from home,1963
1170,28246,jeru the damaja,me or the papes,2018
1171,27,asha bhosle,gullyachi shapath,1952
1172,9743,nanci griffith,the last of the true believers,1985
1173,8355,jonathan edwards,don't cry blue,1971
1174,13255,ten years after,i can't keep from crying sometimes,1967
1175,21593,peter tosh,reggaemylitis,1988
1176,24245,prince,so blue,1978
1177,15383,the white stripes,sugar never tasted so good,1999
1178,1728,the supremes,automatically sunshine,1972
1179,9521,vern gosdin,way down deep,1983
1180,23448,elvis presley,i'm counting on you,1956
1181,7612,marty robbins,lovely hula hands,1963
1182,24534,the police,spirits in the material world,1981
1183,2184,shaun cassidy,hey there lonely girl,1977
1184,18077,gentle giant,a reunion,1973
1185,10961,wade hayes,she's actin' single (i'm drinkin' doubles),1998
1186,27637,foxy brown,the quan,2008
1187,523,dee clark,hey little girl,1961
1188,27697,gane rimatore,pretres,2009
1189,19146,con funk shun,straight from the heart,1993
1190,24328,the clash,the guns of brixton,1979
1191,12248,miranda lambert,well-rested,2016
1192,14486,aretha franklin,just right tonight,1984
1193,20652,the dear hunter,the march,2016
1194,17429,blossom dearie,you for me,1957
1195,17560,dean martin,hear my heart,1961
1196,15260,the brian jonestown massacre,monster,1996
1197,8154,connie smith,burning a hole in my mind,1968
1198,14330,"crosby, stills & nash",into the darkness (45 version),1982
1199,23845,mavis staples,i have learned to do without you,1970
1200,20461,tesseract,of matter,2013
1201,17614,sammy davis jr.,what kind of fool am i,1962
1202,22991,the green,always & forever,2013
1203,15606,the kills,black rooster,2003
1204,4316,björk,it's oh so quiet,1995
1205,39,andy williams,it's the most wonderful time of the year,1953
1206,21597,ub40,matter of time,1988
1207,23014,jah sun,top rankin (feat. chronixx),2013
1208,27123,the last shadow puppets,miracle aligner,2016
1209,15571,the action,brain,2002
1210,2630,tom petty and the heartbreakers,letting you go,1981
1211,19990,pink martini,hang on little tomato,2006
1212,7957,love,no matter what you do,1966
1213,27778,apogonoi tou omirou,break the needle (spase ti velona),2012
1214,26892,the neighbourhood,staying up,2013
1215,1622,karen dalton,how sweet it is,1971
1216,7310,don gibson,it only hurts for a little while,1960
1217,17722,dean martin,here comes my baby,1965
1218,5622,garbage,stupid girl,2007
1219,24012,daryl hall & john oates,she's gone,1973
1220,28329,dmx,we in here (feat. swizz beatz),2019
1221,17323,june christy,i'll take romance,1955
1222,9653,david allan coe,thief in my bedroom,1984
1223,8667,asleep at the wheel,choo choo ch'boogie,1974
1224,14147,pat travers,your love can't be right,1980
1225,12682,woody guthrie,race you down the mountain,1958
1226,1698,ricky nelson,garden party,1972
1227,24816,twisted sister,the price,1984
1228,20691,miles davis,silence is the way,2016
1229,11913,eric church,i'm gettin' stoned,2011
1230,25598,pink floyd,wearing the inside out,1994
1231,11882,miranda lambert,easy living,2011
1232,12165,zac brown band,tomorrow never comes,2015
1233,11693,lady antebellum,home is where the heart is,2008
1234,13733,eric clapton,the sky is crying,1975
1235,22167,pato banton,mama nature,2000
1236,2654,duran duran,late bar,1981
1237,13760,bonnie raitt,good enough,1975
1238,13686,b.b. king,don't cry no more,1974
1239,6773,russ,do it myself,2017
1240,22890,christafari,hosanna (feat. avion blackman & jennifer howland),2012
1241,27721,prop dylan,trueschool,2010
1242,13558,joe cocker,woman to woman,1972
1243,13376,john mayall,sleeping by her side,1969
1244,7778,hank locklin,the wild side of life,1965
1245,9908,the replacements,birthday gal,1987
1246,11048,dolly parton,steady as the rain,1999
1247,4249,coolio,fantastic voyage,1994
1248,10971,terri clark,now that i found you,1998
1249,27755,blackstreet,no diggity,2011
1250,11291,daryle singletary,a-11,2002
1251,13106,aretha franklin,"cold, cold heart",1964
1252,15086,lightnin' hopkins,my starter won't start this morning,1993
1253,18707,wynton marsalis,for all we know,1984
1254,21891,musical youth,shanty town (007),1994
1255,3400,debbie gibson,only in my dreams,1987
1256,18660,yellowjackets,claire's song,1983
1257,17223,rosemary clooney,snow,1954
1258,11116,chris smither,killing the blues,2000
1259,26795,shinedown,my name (wearing me out),2012
1260,14662,etta james,"baby, baby, everynight",1987
1261,23373,katastro,i.s.s.u.e.s.,2018
1262,24418,black sabbath,walk away,1980
1263,15840,status quo,caroline,2005
1264,25599,kyuss,demon cleaner,1994
1265,20326,stéphane pompougnac,one by one,2011
1266,23719,the who,heat wave,1966
1267,21735,cocoa tea,i'm wanted,1992
1268,16524,jamie n commons,wash me in the water,2013
1269,1502,glen campbell,it's only make believe,1970
1270,9235,alabama,feels so right,1980
1271,23814,sly & the family stone,stand!,1969
1272,17535,bill evans,someday my prince will come,1960
1273,4506,blur,beetlebum,1997
1274,9863,johnny cash,i will always love you (in my own crazy way),1986
1275,10646,clay walker,if i could make a living,1994
1276,22178,shaggy,hey love,2000
1277,18857,the andrews sisters,beer barrel polka ( roll out the barrel ),1987
1278,18101,chick corea,spain,1973
1279,860,? & the mysterians,96 tears,1964
1280,10685,shania twain,leaving is the only way out,1995
1281,12043,kenny chesney,life on a rock,2013
1282,18110,roberta flack,river,1973
1283,11690,gordon mote,mercy walked in,2008
1284,9957,warren zevon,boom boom mancini,1987
1285,10549,dwight yoakam,fast as you,1993
1286,973,smokey robinson & the miracles,whole lot of shakin' in my heart (since i met you),1966
1287,25416,biohazard,punishment,1992
1288,8055,mickey gilley,i'm to blame,1967
1289,9128,willie nelson,pretty paper,1979
1290,27765,killah priest,do the damn thing,2011
1291,1649,todd rundgren,sweeter memories,1972
1292,23189,sticky fingers,outcast at last,2016
1293,4808,avant,my first love,2000
1294,12553,ella fitzgerald,get out of town,1956
1295,13366,b.b. king,no good,1969
1296,15990,the black keys,the wicked messenger,2007
1297,27107,shinedown,how did you love,2015
1298,12757,b.b. king,the fool,1958
1299,9642,dan fogelberg,believe in me,1984
1300,8051,charley pride,life turned her that way,1967
1301,3876,cher,save up all your tears,1991
1302,4731,britney spears,from the bottom of my broken heart,1999
1303,6278,generationals,put a light on,2013
1304,23339,beres hammond,i'm alive,2018
1305,26434,mgmt,pieces of what,2007
1306,22685,eddy grant,romancing the stone,2008
1307,20717,catherine russell,don't take your love from me,2016
1308,11702,chris cagle,no love songs,2008
1309,4541,yo la tengo,autumn sweater,1997
1310,15744,eagles of death metal,speaking in tongues,2004
1311,21274,steel pulse,blasphemy (selah),1979
1312,27362,i am they,scars,2018
1313,21072,the wailers,pass it on,1973
1314,9877,kathy mattea,untold stories,1987
1315,4803,nickel creek,when you come back down,2000
1316,8140,merle haggard,fool's castle,1968
1317,10803,ty herndon,i have to surrender,1996
1318,7525,marty robbins,almost persuaded,1963
1319,17542,tina brooks,up tight's creek,1960
1320,8019,gene clark,is yours is mine,1967
1321,5464,the icicle works,whisper to a scream (birds fly),2006
1322,9999,patty loveless,i'll never grow tired of you,1988
1323,13981,ted nugent,venom soup,1978
1324,7916,ray price,don't you believe her,1966
1325,24149,kiss,calling dr. love,1976
1326,7931,hank locklin,it is love,1966
1327,3059,new edition,lost in love,1984
1328,26006,radiohead,the national anthem,2000
1329,26161,chevelle,comfortable liar,2002
1330,26414,tool,lost keys (blame hofman),2006
1331,17197,judy garland,swanee,1954
1332,17520,herb ellis,workin' with the truth,1960
1333,19074,nat king cole,thanks to you,1992
1334,26895,bad suns,20 years,2013
1335,13703,"crosby, stills, nash & young",helplessly hoping,1974
1336,1409,fairport convention,autopsy,1969
1337,8917,waylon jennings,i think i'm gonna kill myself,1977
1338,16836,krokus,rockin' in the free world,2017
1339,25806,journey,remember me (feat. steve augeri),1998
1340,25319,queen,these are the days of our lives,1991
1341,5824,drake,forever,2009
1342,28098,jazz cartier,nobody's watching,2017
1343,27370,a r i z o n a,summer days,2018
1344,15995,hasil adkins,get outta my car,2007
1345,2322,pablo cruise,love will find a way,1978
1346,7128,hank williams,the angel of death,1956
1347,4595,leif garrett,i was made for dancin',1998
1348,18766,basia,cruising for bruising,1986
1349,5300,the national,about today,2004
1350,1993,emmylou harris,bottle let me down,1975
1351,7169,marty robbins,return to me,1957
1352,22415,the movement,on your feet,2004
1353,27899,styles p,rude boy hip hop (feat. raheem devaughn),2014
1354,25994,placebo,special k,2000
1355,5644,high school musical cast,high school musical,2008
1356,13209,nina simone,this year's kisses,1966
1357,26802,the menzingers,good things,2012
1358,22994,nahko and medicine for the people,on the verge,2013
1359,12224,upchurch,donald trump,2016
1360,58,les paul,"baby, won't you please come home",1955
1361,6477,three days grace,i am machine,2015
1362,23025,kabaka pyramid,no capitalist,2013
1363,11835,cody jinks,no time,2010
1364,8528,bobby bare,in the hills of shiloh,1973
1365,21145,bob marley & the wailers,cry to me,1976
1366,19487,angelo debarre,noto swing,1999
1367,7104,brownie mcghee,sporting life,1955
1368,27728,freeman,puro,2010
1369,26221,limp bizkit,eat you alive,2003
1370,4553,nofx,all outta angst,1997
1371,20887,devin townsend,genesis,2019
1372,1794,harry nilsson,lullaby in ragtime,1973
1373,24965,bauhaus,bela lugosi’s dead,1986
1374,24312,foreigner,"blue morning, blue day",1978
1375,5148,blink-182,i miss you,2003
1376,20759,wax tailor,ecstasy,2017
1377,4941,the bouncing souls,true believers,2001
1378,17867,aretha franklin,if you gotta make a fool of somebody,1969
1379,12840,nina simone,solitaire,1959
1380,21478,ub40,your eyes were open,1984
1381,16454,ray charles,till there was you,2013
1382,1997,little river band,statue of liberty,1975
1383,16368,anders osborne,louisiana gold,2012
1384,9776,chris ledoux,cowboy songs,1986
1385,8043,willie nelson,there goes a man,1967
1386,22797,iration,turn around,2010
1387,13254,jefferson airplane,young girl sunday blues,1967
1388,28330,will smith,gettin' jiggy wit it,2019
1389,5386,fall out boy,i slept with someone in fall out boy and all i got was this stupid song written about me,2005
1390,600,andy williams,tonight,1962
1391,3133,lloyd cole and the commotions,lost weekend,1985
1392,14379,the animals,love is for all time,1983
1393,1429,van morrison,blue money,1970
1394,14108,aretha franklin,united together,1980
1395,15119,phish,simple,1994
1396,15419,the guess who,talisman,2000
1397,1821,the 5th dimension,day by day,1973
1398,17324,dave brubeck,my romance,1955
1399,17574,bill evans trio,beautiful love (take 1),1961
1400,585,dion,donna the prima donna,1962
1401,26734,the airborne toxic event,changing,2011
1402,26399,flyleaf,cassie,2006
1403,20063,between the buried and me,prequel to the sequel,2007
1404,17844,frank zappa,bow tie daddy,1968
1405,4192,nas,it ain't hard to tell,1994
1406,1289,the byrds,blue canadian rockies,1968
1407,26812,mumford & sons,reminder,2012
1408,21045,slim smith,it's alright,1972
1409,16996,joe bonamassa,stronger now in broken places,2018
1410,9282,emmylou harris,rose of cimarron,1981
1411,11775,uncle kracker,livin' the dream,2009
1412,5922,rihanna,what's my name?,2010
1413,28084,desiigner,up,2017
1414,498,roy orbison,devil doll,1961
1415,27474,einstein,the tables are turnin',1990
1416,10982,restless heart,i'll still be loving you,1998
1417,7734,tammy wynette,i'll see him through,1964
1418,23398,third world,na na na,2019
1419,26587,steel panther,community property,2009
1420,9596,nick lowe,breakaway,1984
1421,3234,janet jackson,he doesn't know i'm alive,1986
1422,16920,the california honeydrops,hold it down,2018
1423,22462,current swell,room of the faded moon,2005
1424,12778,ella fitzgerald,of thee i sing,1959
1425,10298,steve wariner,leave him out of this,1991
1426,27916,corleone,i made it,2014
1427,26866,mumford & sons,where are you now,2012
1428,24074,carpenters,love me for what i am,1975
1429,12508,odetta,no more cane on the brazo,1954
1430,11917,big & rich,fake id (feat. gretchen wilson),2011
1431,5768,lil scrappy,no problem,2009
1432,26753,theory of a deadman,bitch came back,2011
1433,14880,the vaughan brothers,long way from home,1990
1434,22258,midnite,no fear no sorrow,2002
1435,25412,prince,damn u,1992
1436,25745,kmfdm,megalomaniac,1997
1437,27326,josh wilson,dream small,2018
1438,21118,jimmy cliff,dear mother,1976
1439,25897,misfits,dust to dust,1999
1440,25347,nirvana,stay away,1991
1441,16039,black mountain,evil ways,2008
1442,24951,slayer,aggressive perfector,1986
1443,7241,don gibson,i wish it had been a dream,1959
1444,25545,soundgarden,superunknown,1994
1445,23580,the ventures,(ghost) riders in the sky,1961
1446,5539,zac efron,what time is it,2007
1447,24710,dio,invisible,1983
1448,23728,the beatles,eleanor rigby,1966
1449,17810,dean martin,wallpaper roses,1967
1450,10099,randy travis,when your world was turning for me,1989
1451,22963,ub40,if you ever have forever,2013
1452,856,the drifters,let the music play,1964
1453,13399,joe cocker,feelin' alright,1969
1454,22610,passafire,unfamiliar,2007
1455,10010,k.d. lang,tears don't care who cries them,1988
1456,11625,luke bryan,first love song,2007
1457,25999,finger eleven,drag you down,2000
1458,9315,juice newton,texas heartache,1981
1459,25312,primus,here come the bastards,1991
1460,571,the shirelles,big john (ain't you gonna marry me),1962
1461,26696,hollywood undead,i don’t wanna die,2011
1462,23681,elvis presley,puppet on a string,1965
1463,23757,the beatles,magical mystery tour,1967
1464,28048,boyz n da hood,everybody know me,2017
1465,12439,cold creek county,drinkin',2019
1466,80,jerry vale,"ciao, ciao, bambina",1956
1467,6500,mac miller,brand name,2015
1468,3648,janet jackson,state of the world,1989
1469,21367,ub40,love is all is alright,1982
1470,9935,dolly parton,wildflowers,1987
1471,24755,slayer,black magic,1983
1472,15804,death from above 1979,better off dead,2005
1473,22635,demarco,fallen soldiers,2008
1474,23671,the kinks,just can't go to sleep,1964
1475,22628,michael franti & spearhead,the future,2008
1476,5955,mac miller,kool aid and frozen pizza,2010
1477,23706,the beatles,the night before,1965
1478,26785,trampled by turtles,alone,2012
1479,3410,rick astley,whenever you need somebody,1987
1480,20859,drwn.,nightshift (red wine and cigs),2018
1481,17274,louis armstrong,all of me,1955
1482,3507,bobby brown,every little step,1988
1483,4563,third eye blind,narcolepsy,1997
1484,12944,sister rosetta tharpe,stretch out,1962
1485,19917,lizz wright,hit the ground,2005
1486,15252,the duprees,have you heard,1996
1487,18733,bill frisell,music i heard,1985
1488,785,the dave clark five,at the scene,1964
1489,15298,slim harpo,i'm a king bee,1997
1490,1571,bonnie raitt,bluebird,1971
1491,15783,alex chilton,hook of crook,2005
1492,16143,black joe lewis & the honeybears,master sold my baby,2009
1493,13512,"crosby, stills, nash & young",southern man,1971
1494,21960,dispatch,other side (live),1996
1495,20078,susie arioli,blue skies,2008
1496,1827,bob dylan,can't help falling in love,1973
1497,17315,erroll garner,exactly like you,1955
1498,16522,the black angels,holland,2013
1499,6825,green day,boulevard of broken dreams,2017
