,entity_idx,prompt_idx,question,rationale,model_gold_entity,gold_entity
0,0,0, Is there an airport located at latitude -34.7833328247 and longitude -72.0508346558?,"Yes, there is an airport located at latitude -34.7833328247 and longitude -72.0508346558. The airport is called 'Ministro Pistorri International Airport' and it is located in Santiago, Chile.",torca,torca
1,0,1, Is it true that there are no airports located at latitude -34.7833328247 and longitude -72.0508346558?,"No, that is not true. There are airports located at latitude -34.7833328247 and longitude -72.0508346558. One such airport is the Aeropuerto Internacional de Buenos Aires-Ministro Pistarini (EZE) located in Buenos Aires, Argentina.",torca,torca
2,1,0, Is there an airport located at latitude 10.5169439316 and longitude -85.5655593872?,"Yes, there is an airport located at latitude 10.5169439316 and longitude -85.5655593872. This airport is called 'Cancun International Airport' and it is located in Cancun, Mexico.",catsa,catsa
3,1,1, Is it true that there are no airports located at latitude 10.5169439316 and longitude -85.5655593872?,"No, that is not true. There are airports located at latitude 10.5169439316 and longitude -85.5655593872. One such airport is the Cancún International Airport (CUN) located in Cancún, Mexico.",catsa,catsa
4,2,0, Is there an airport located at latitude -10.8478441238 and longitude -76.2469558716?,"No, there is no airport located at latitude -10.8478441238 and longitude -76.2469558716. This is because the coordinates are not within the range of any known airport's location. The coordinates are also not in any country's territory. It is possible that these coordinates are not accurate or are not representing an airport.",vicco,vicco
5,2,1, Is it true that there are no airports located at latitude -10.8478441238 and longitude -76.2469558716?,"No, that is not true. There are airports located at latitude -10.8478441238 and longitude -76.2469558716. One such airport is the Juan Santamaria International Airport in Costa Rica.",vicco,vicco
6,3,0, Is there an airport located at latitude -13.7894001007 and longitude 33.78099823?,"No, there is no airport located at latitude -13.7894001007 and longitude 33.78099823. This is because the coordinates are not within the range of any known airport. It is possible that these coordinates are incorrect or that they represent a location that is not an airport.",lilongwe international,lilongwe international
7,3,1, Is it true that there are no airports located at latitude -13.7894001007 and longitude 33.78099823?,"No, that is not true. There are airports located at latitude -13.7894001007 and longitude 33.78099823. One such airport is the King Fahd International Airport in Dammam, Saudi Arabia.",lilongwe international,lilongwe international
8,4,0, Is there an airport located at latitude 47.4942016602 and longitude 14.4975004196?,"Yes, there is an airport located at latitude 47.4942016602 and longitude 14.4975004196. This airport is called 'Kiev International Airport' (IAT",trieben,trieben
9,4,1, Is it true that there are no airports located at latitude 47.4942016602 and longitude 14.4975004196?,"No, that is not true. There are airports located at latitude 47.4942016602 and longitude 14.4975004196. One such airport is the Belgrade Nikola Tesla Airport (BEG) located in Belgrade, Serbia.",trieben,trieben
10,5,0, Is there an airport located at latitude -17.8083324432 and longitude -67.4433364868?,"No, there is no airport located at latitude -17.8083324432 and longitude -67.4433364868. This is because the coordinates are not within the range of any known airport's location. It is possible that these coordinates are not accurate or that they represent a location that is not an airport.",intiraymi,intiraymi
11,5,1, Is it true that there are no airports located at latitude -17.8083324432 and longitude -67.4433364868?,"No, that is not true. There are airports located at latitude -17.8083324432 and longitude -67.4433364868. One such airport is the Cayo Largo Airport (CYL) located in Cuba.",intiraymi,intiraymi
12,6,0, Is there an airport located at latitude 43.3708833333333 and longitude -78.4144166666667?,"Yes, there is an airport located at latitude 43.3708833333333 and longitude -78.4144166666667. This airport is Ronald Reagan Washington National Airport (DCA) located in Arlington, Virginia, United States.",tiger paw aerodrome,tiger paw aerodrome
13,6,1, Is it true that there are no airports located at latitude 43.3708833333333 and longitude -78.4144166666667?,"No, that is not true. The coordinates 43.3708833333333, -78.4144166666667 correspond to Ronald Reagan Washington National Airport (DCA) in Washington, D.C. Therefore, there is an airport located at those coordinates.",tiger paw aerodrome,tiger paw aerodrome
14,7,0, Is there an airport located at latitude 53.4212989807 and longitude -6.270070076?,"Yes, there is an airport located at latitude 53.4212989807 and longitude -6.270070076. This airport is called Dublin Airport, which is located in Dublin, Ireland.",dublin,dublin
15,7,1, Is it true that there are no airports located at latitude 53.4212989807 and longitude -6.270070076?,"No, that is not true. There are airports located at latitude 53.4212989807 and longitude -6.270070076. One such airport is the Liverpool John Lennon Airport, which is located at approximately 53.4212989807° N, -6.270070076° W.",dublin,dublin
16,8,0, Is there an airport located at latitude 15.4033002853 and longitude 108.706001282?,"Yes, there is an airport located at latitude 15.4033002853 and longitude 108.706001282. This airport is called Phnom Penh International Airport (PNH) and it is located in Phnom Penh, Cambodia.",chu lai international,chu lai international
17,8,1, Is it true that there are no airports located at latitude 15.4033002853 and longitude 108.706001282?,"No, that is not true. There are airports located at latitude 15.4033002853 and longitude 108.706001282. One such airport is the Xi'an Xianyang International Airport, which is located at approximately 15.4033002853° N, 108.706001282° E.",chu lai international,chu lai international
18,9,0, Is there an airport located at latitude -10.7477779388 and longitude -74.2205581665?,"No, there is no airport located at latitude -10.7477779388 and longitude -74.2205581665.""}{'role':",obenteni,obenteni
19,9,1, Is it true that there are no airports located at latitude -10.7477779388 and longitude -74.2205581665?,"No, that is not true. There are airports located at latitude -10.7477779388 and longitude -74.2205581665. One such airport is the Juan Santamaria International Airport in Costa Rica.",obenteni,obenteni
20,10,0, Is there an airport located at latitude 49.8684997559 and longitude 3.0295801163?,"Yes, there is an airport located at latitude 49.8684997559 and longitude 3.0295801163. This airport is located in Brussels, Belgium, and is known as Brussels Airport. It serves as a hub for several airlines, including Brussels Airlines, Ryanair, and EasyJet.",peronne-saint-quentin,peronne-saint-quentin
21,10,1, Is it true that there are no airports located at latitude 49.8684997559 and longitude 3.0295801163?,"No, that is not true. There are airports located at latitude 49.8684997559 and longitude 3.0295801163. One such airport is the Paris-Charles de Gaulle Airport (CDG), which is located at 49.019031° N, 2.294507° E.",peronne-saint-quentin,peronne-saint-quentin
22,11,0, Is there an airport located at latitude 60.4891666666667 and longitude -150.801666666667?,"Yes, there is an airport located at latitude 60.4891666666667 and longitude -150.801666666667. This airport is called 'Fairbanks International Airport'.",moose run airstrip,moose run airstrip
23,11,1, Is it true that there are no airports located at latitude 60.4891666666667 and longitude -150.801666666667?,"No, that is not true. There are airports located at latitude 60.4891666666667 and longitude -150.801666666667. One such airport is the Anchorage International Airport (ANC) located at 61.0902° N, 150.8011° W.",moose run airstrip,moose run airstrip
24,12,0, Is there an airport located at latitude -31.1441993713 and longitude 136.8170013428?,"Yes, there is an airport located at latitude -31.1441993713 and longitude 136.8170013428. The airport is located in the city of Adelaide, South Australia, Australia.",woomera airfield,woomera airfield
25,12,1, Is it true that there are no airports located at latitude -31.1441993713 and longitude 136.8170013428?,"No, that is not true. There are airports located at latitude -31.1441993713 and longitude 136.8170013428. One such airport is the Sydney Kingsford Smith Airport (SYD) located at -33.867111, 151.209333.",woomera airfield,woomera airfield
26,13,0, Is there an airport located at latitude 46.1613998413 and longitude -60.0477981567?,"Yes, there is an airport located at latitude 46.1613998413 and longitude -60.0477981567. This airport is called 'Boston Logan International Airport'.",sydney / j.a. douglas mccurdy,sydney / j.a. douglas mccurdy
27,13,1, Is it true that there are no airports located at latitude 46.1613998413 and longitude -60.0477981567?,"No, that is not true. There are airports located at latitude 46.1613998413 and longitude -60.0477981567. One such airport is the Montreal-Pierre Elliott Trudeau International Airport (YUL) located in Montreal, Canada.",sydney / j.a. douglas mccurdy,sydney / j.a. douglas mccurdy
28,14,0, Is there an airport located at latitude -26.735200882 and longitude 31.7758998871?,"Yes, there is an airport located at latitude -26.735200882 and longitude 31.7758998871. This airport is located in Johannesburg, South Africa, and is known as the O.H. Hahn International Airport.",tambuti,tambuti
29,14,1, Is it true that there are no airports located at latitude -26.735200882 and longitude 31.7758998871?,"No, that is not true. There are airports located at latitude -26.735200882 and longitude 31.7758998871. One such airport is the King Fahd International Airport in Dammam, Saudi Arabia.",tambuti,tambuti
30,15,0, Is there an airport located at latitude 31.5404305555556 and longitude -94.1700666666667?,"Yes, there is an airport located at latitude 31.5404305555556 and longitude -94.1700666666667. This airport is called St. Louis Lambert International Airport (STL).",san augustine county,san augustine county
31,15,1, Is it true that there are no airports located at latitude 31.5404305555556 and longitude -94.1700666666667?,"No, that is not true. There are airports located at latitude 31.5404305555556 and longitude -94.1700666666667. One such airport is the St. Louis Lambert International Airport.",san augustine county,san augustine county
32,16,0, Is there an airport located at latitude -19.7576999664 and longitude 63.361000061?,"No, there is no airport located at latitude -19.7576999664 and longitude 63.361000061. This is because the coordinates are not within the range of any known airport's location. The coordinates are also not in any recognized airport database. Therefore, it is safe to say that there is no airport at those coordinates.",sir charles gaetan duval,sir charles gaetan duval
33,16,1, Is it true that there are no airports located at latitude -19.7576999664 and longitude 63.361000061?,"No, that is not true. There are airports located at latitude -19.7576999664 and longitude 63.361000061. One such airport is the Punta Arenas International Airport (PUQ) in Punta Arenas, Chile.",sir charles gaetan duval,sir charles gaetan duval
34,17,0, Is there an airport located at latitude 35.0351944444444 and longitude -85.2035555555556?,"Yes, there is an airport located at latitude 35.0351944444444 and longitude -85.2035555555556. This airport is located in Nashville, Tennessee, United States, and is known as Nashville International Airport (BNA).",lovell field,lovell field
35,17,1, Is it true that there are no airports located at latitude 35.0351944444444 and longitude -85.2035555555556?,"No, that is not true. There are airports located at latitude 35.0351944444444 and longitude -85.2035555555556. One such airport is the St. Louis Lambert International Airport (STL) located at 35.035194° N, 85.203556° W.",lovell field,lovell field
36,18,0, Is there an airport located at latitude 43.8302972222222 and longitude -96.8397777777778?,"Yes, there is an airport located at latitude 43.8302972222222 and longitude -96.8397777777778. This airport is called St. Louis Lambert International Airport (STL).",jensen,jensen
37,18,1, Is it true that there are no airports located at latitude 43.8302972222222 and longitude -96.8397777777778?,"No, that is not true. The coordinates 43.8302972222222, -96.8397777777778 correspond to the location of St. Louis Lambert International Airport in St. Louis, Missouri, United States.",jensen,jensen
38,19,0, Is there an airport located at latitude -29.6840991974 and longitude -52.4122009277?,"No, there is no airport located at latitude -29.6840991974 and longitude -52.4122009277.""}{'role':",santa cruz do sul,santa cruz do sul
39,19,1, Is it true that there are no airports located at latitude -29.6840991974 and longitude -52.4122009277?,"No, that is not true. There are airports located at latitude -29.6840991974 and longitude -52.4122009277. One such airport is the Córdoba International Airport (COR) located in Córdoba, Argentina.",santa cruz do sul,santa cruz do sul
40,20,0, Is there an airport located at latitude 7.25 and longitude -61.4333343506?,"No, there is no airport located at latitude 7.25 and longitude -61.4333343506.""}{'role':",tumeremo,tumeremo
41,20,1, Is it true that there are no airports located at latitude 7.25 and longitude -61.4333343506?,"No, it is not true. There are airports located at latitude 7.25 and longitude -61.4333343506. One such airport is the Cayo Largo Airport (CYL) located in Cayo Largo del Sur, Cuba.",tumeremo,tumeremo
42,21,0, Is there an airport located at latitude 41.0491336111111 and longitude -78.4151579166667?,"Yes, there is an airport located at latitude 41.0491336111111 and longitude -78.4151579166667. This airport is Ronald Reagan Washington National Airport (DCA) located in Arlington, Virginia, United States.",clearfield-lawrence,clearfield-lawrence
43,21,1, Is it true that there are no airports located at latitude 41.0491336111111 and longitude -78.4151579166667?,"No, that is not true. There are airports located at latitude 41.0491336111111 and longitude -78.4151579166667. One such airport is Ronald Reagan Washington National Airport (DCA) located in Arlington, Virginia, USA.",clearfield-lawrence,clearfield-lawrence
44,22,0, Is there an airport located at latitude 41.9510555555556 and longitude -86.3680833333333?,"Yes, there is an airport located at latitude 41.9510555555556 and longitude -86.3680833333333. This airport is called St. Louis Lambert International Airport.",andrews university airpark,andrews university airpark
45,22,1, Is it true that there are no airports located at latitude 41.9510555555556 and longitude -86.3680833333333?,"No, that is not true. The coordinates 41.9510555555556, -86.3680833333333 correspond to the location of St. Louis Lambert International Airport in St. Louis, Missouri, United States.",andrews university airpark,andrews university airpark
46,23,0, Is there an airport located at latitude 39.5831388888889 and longitude -85.8048055555555?,"Yes, there is an airport located at latitude 39.5831388888889 and longitude -85.8048055555555. This airport is called St. Louis Lambert International Airport (STL).",shelbyville municipal,shelbyville municipal
47,23,1, Is it true that there are no airports located at latitude 39.5831388888889 and longitude -85.8048055555555?,"No, that is not true. The coordinates 39.5831388888889, -85.8048055555555 are the coordinates of St. Louis Lambert International Airport, which is an airport located in St. Louis, Missouri, United States. Therefore, there is at least one airport located at those coordinates.",shelbyville municipal,shelbyville municipal
48,24,0, Is there an airport located at latitude 4.132999897 and longitude 15.1499996185?,"No, there is no airport located at latitude 4.132999897 and longitude 15.1499996185.""}{'role':",gamboula,gamboula
49,24,1, Is it true that there are no airports located at latitude 4.132999897 and longitude 15.1499996185?,"No, that is not true. There are airports located at latitude 4.132999897 and longitude 15.1499996185. For example, the airport code for the airport located at latitude 4.132999897 and longitude 15.1499996185 is 'JKL'. However, it is important to note that the exact location of an airport can vary slightly due to factors such as runway orientation and terminal placement. Therefore, it is possible that there may be slight variations in the coordinates of the airport.",gamboula,gamboula
50,25,0, Is there an airport located at latitude 58.6678009033 and longitude -69.9558029175?,"Yes, there is an airport located at latitude 58.6678009033 and longitude -69.9558029175. This airport is called 'Tromsø Airport - Langstrand' and it is located in Tromsø, Norway.",tasiujaq,tasiujaq
51,25,1, Is it true that there are no airports located at latitude 58.6678009033 and longitude -69.9558029175?,"No, that is not true. There are airports located at latitude 58.6678009033 and longitude -69.9558029175. One such airport is the Cancún International Airport, which is located at approximately 18.6678009033° N, 86.9558029175° W.",tasiujaq,tasiujaq
52,26,0, Is there an airport located at latitude -24.3878002167 and longitude 31.325799942?,"No, there is no airport located at latitude -24.3878002167 and longitude 31.325799942. This is because the coordinates are not within the range of any known airport's location. The coordinates are also not in any country's territory. It is possible that these coordinates are not accurate or are not representing an airport.",ngala,ngala
53,26,1, Is it true that there are no airports located at latitude -24.3878002167 and longitude 31.325799942?,"No, that is not true. There are airports located at latitude -24.3878002167 and longitude 31.325799942. One such airport is the Cayo Largo Airport (CYL) located in Cuba.",ngala,ngala
54,27,0, Is there an airport located at latitude 33.7172222222222 and longitude -79.8569722222222?,"Yes, there is an airport located at latitude 33.7172222222222 and longitude -79.8569722222222. This airport is called Hartsfield-Jackson Atlanta International Airport.",williamsburg regional,williamsburg regional
55,27,1, Is it true that there are no airports located at latitude 33.7172222222222 and longitude -79.8569722222222?,"No, that is not true. The coordinates 33.7172222222222, -79.8569722222222 represent the location of the John F. Kennedy International Airport in New York City, United States.",williamsburg regional,williamsburg regional
56,28,0, Is there an airport located at latitude 34.7933006287 and longitude 5.7382302284?,"Yes, there is an airport located at latitude 34.7933006287 and longitude 5.7382302284. This airport is located in the city of Mumbai, India, and is known as Chhatrapati Shivaji International Airport.",biskra,biskra
57,28,1, Is it true that there are no airports located at latitude 34.7933006287 and longitude 5.7382302284?,"No, it is not true. The coordinates 34.7933006287, 5.7382302284 represent the location of the Sydney Kingsford Smith Airport in Australia.",biskra,biskra
58,29,0, Is there an airport located at latitude 51.8950004578 and longitude 0.4491670132?,"Yes, there is an airport located at latitude 51.8950004578 and longitude 0.4491670132. This airport is London City Airport.",andrewsfield,andrewsfield
59,29,1, Is it true that there are no airports located at latitude 51.8950004578 and longitude 0.4491670132?,"No, that is not true. There are airports located at latitude 51.8950004578 and longitude 0.4491670132. One such airport is London Heathrow Airport.",andrewsfield,andrewsfield
60,30,0, Is there an airport located at latitude 65.9141998291 and longitude -22.4214000702?,"Yes, there is an airport located at latitude 65.9141998291 and longitude -22.4214000702. This airport is called 'Sheridan Airport' and is located in Sheridan, Wyoming, United States.",reykjanes,reykjanes
61,30,1, Is it true that there are no airports located at latitude 65.9141998291 and longitude -22.4214000702?,"No, that is not true. There are airports located at latitude 65.9141998291 and longitude -22.4214000702. One such airport is the Minneapolis-Saint Paul International Airport (MSP) located in Minneapolis, Minnesota, United States.",reykjanes,reykjanes
62,31,0, Is there an airport located at latitude -19.268611908 and longitude -56.0311126709?,"No, there is no airport located at latitude -19.268611908 and longitude -56.0311126709. This is because the coordinates are not within the range of any known airport's location. It is possible that these coordinates are not accurate or are not representing an airport.",fazenda livramento,fazenda livramento
63,31,1, Is it true that there are no airports located at latitude -19.268611908 and longitude -56.0311126709?,"No, that is not true. There are airports located at latitude -19.268611908 and longitude -56.0311126709. One such airport is the Punta Arenas International Airport (PUQ) in Punta Arenas, Chile.",fazenda livramento,fazenda livramento
64,32,0, Is there an airport located at latitude 35.4889525 and longitude -97.1919747222222?,"Yes, there is an airport located at latitude 35.4889525 and longitude -97.1919747222222. This airport is called 'Dodge City Regional Airport'.",steciak strip,steciak strip
65,32,1, Is it true that there are no airports located at latitude 35.4889525 and longitude -97.1919747222222?,"No, it is not true. This is because the coordinates 35.4889525, -97.1919747222222 are the coordinates of the Denver International Airport.",steciak strip,steciak strip
66,33,0, Is there an airport located at latitude 9.3503055573 and longitude -65.2806549072?,"No, there is no airport located at latitude 9.3503055573 and longitude -65.2806549072. This is because the coordinates are not within the range of any known airport's location. It is possible that these coordinates are not accurate or that they represent a non-existent location.",apruna,apruna
67,33,1, Is it true that there are no airports located at latitude 9.3503055573 and longitude -65.2806549072?,"No, that is not true. There are airports located at latitude 9.3503055573 and longitude -65.2806549072. One such airport is the Cayo Largo Airport (CYL) located in Cuba.",apruna,apruna
68,34,0, Is there an airport located at latitude 45.5048111111111 and longitude -98.5955388888889?,"Yes, there is an airport located at latitude 45.5048111111111 and longitude -98.5955388888889. This airport is called Des Moines International Airport (DSM) and it is located in Des Moines, Iowa, United States.",barber field,barber field
69,34,1, Is it true that there are no airports located at latitude 45.5048111111111 and longitude -98.5955388888889?,"No, that is not true. The coordinates 45.5048111111111, -98.5955388888889 correspond to the location of Minneapolis-Saint Paul International Airport (MSP) in Minnesota, United States.",barber field,barber field
70,35,0, Is there an airport located at latitude 42.4603854166667 and longitude -71.5180118888889?,"Yes, there is an airport located at latitude 42.4603854166667 and longitude -71.5180118888889. This airport is called Logan International Airport (BOS) and it is located in Boston, Massachusetts, United States.",minute man air field,minute man air field
71,35,1, Is it true that there are no airports located at latitude 42.4603854166667 and longitude -71.5180118888889?,"No, that is not true. The coordinates 42.4603854166667, -71.5180118888889 correspond to the location of Logan International Airport in Boston, Massachusetts, which is an airport.",minute man air field,minute man air field
72,36,0, Is there an airport located at latitude -25.9815006256 and longitude -51.6407012939?,"No, there is no airport located at latitude -25.9815006256 and longitude -51.6407012939. This is because these coordinates are located in the middle of the Atlantic Ocean, far from any known airport. It's possible that these coordinates were entered incorrectly or that they represent a fictional location.",foz do areia,foz do areia
73,36,1, Is it true that there are no airports located at latitude -25.9815006256 and longitude -51.6407012939?,"No, that is not true. There are airports located at latitude -25.9815006256 and longitude -51.6407012939. One such airport is the Aeropuerto Internacional de Córdoba in Argentina.",foz do areia,foz do areia
74,37,0, Is there an airport located at latitude 36.5863437777778 and longitude -115.677370555556?,"Yes, there is an airport located at latitude 36.5863437777778 and longitude -115.677370555556. This airport is located in Las Vegas, Nevada, United States.",creech afb,creech afb
75,37,1, Is it true that there are no airports located at latitude 36.5863437777778 and longitude -115.677370555556?,"No, that is not true. The coordinates 36.5863437777778, -115.677370555556 are located in the United States, specifically in the state of California. These coordinates correspond to the location of the Los Angeles International Airport (LAX).",creech afb,creech afb
76,38,0, Is there an airport located at latitude 33.8899166666667 and longitude -118.243805555556?,"Yes, there is an airport located at latitude 33.8899166666667 and longitude -118.243805555556. This airport is Los Angeles International Airport (LAX).",compton/woodley,compton/woodley
77,38,1, Is it true that there are no airports located at latitude 33.8899166666667 and longitude -118.243805555556?,"No, that is not true. There are several airports located at that exact latitude and longitude, including Los Angeles International Airport (LAX) and Van Nuys Airport (VNY).",compton/woodley,compton/woodley
78,39,0, Is there an airport located at latitude 46.7119036111111 and longitude -96.3514547222222?,"Yes, there is an airport located at latitude 46.7119036111111 and longitude -96.3514547222222. This airport is called Minneapolis-Saint Paul International Airport (MSP) and it is located in the city of Minneapolis, Minnesota, United States.",janssen,janssen
79,39,1, Is it true that there are no airports located at latitude 46.7119036111111 and longitude -96.3514547222222?,"No, that is not true. The coordinates 46.7119036111111, -96.3514547222222 correspond to the location of Minneapolis-Saint Paul International Airport (MSP) in Minnesota, United States.",janssen,janssen
80,40,0, Is there an airport located at latitude 36.8868222222222 and longitude -79.863925?,"Yes, there is an airport located at latitude 36.8868222222222 and longitude -79.863925. This airport is located in Las Vegas, Nevada, United States, and is known as McCarran International Airport.",woody field,woody field
81,40,1, Is it true that there are no airports located at latitude 36.8868222222222 and longitude -79.863925?,"No, that is not true. The coordinates 36.8868222222222, -79.863925 are the coordinates of Ronald Reagan Washington National Airport (DCA) in Washington, D.C. Therefore, there is an airport located at those coordinates.",woody field,woody field
82,41,0, Is there an airport located at latitude 42.4327777777778 and longitude -88.7172222222222?,"Yes, there is an airport located at latitude 42.4327777777778 and longitude -88.7172222222222. This airport is called St. Louis Lambert International Airport.",sd aero,sd aero
83,41,1, Is it true that there are no airports located at latitude 42.4327777777778 and longitude -88.7172222222222?,"No, that is not true. The latitude and longitude coordinates 42.4327777777778 and -88.7172222222222 correspond to the location of St. Louis Lambert International Airport in St. Louis, Missouri, United States.",sd aero,sd aero
84,42,0, Is there an airport located at latitude 38.3104444444444 and longitude -75.1239722222222?,"Yes, there is an airport located at latitude 38.3104444444444 and longitude -75.1239722222222. This airport is Ronald Reagan Washington National Airport (DCA) located in Arlington, Virginia, United States.",ocean city municipal,ocean city municipal
85,42,1, Is it true that there are no airports located at latitude 38.3104444444444 and longitude -75.1239722222222?,"No, that is not true. The coordinates 38.3104444444444, -75.1239722222222 correspond to Ronald Reagan Washington National Airport (DCA) in Washington, D.C. Therefore, there is an airport located at those coordinates.",ocean city municipal,ocean city municipal
86,43,0, Is there an airport located at latitude 36.4860555555556 and longitude -90.0156944444444?,"Yes, there is an airport located at latitude 36.4860555555556 and longitude -90.0156944444444. This airport is called Lambert-St. Louis International Airport (STL) and it is located in St. Louis, Missouri, United States.",campbell municipal,campbell municipal
87,43,1, Is it true that there are no airports located at latitude 36.4860555555556 and longitude -90.0156944444444?,"No, that is not true. The coordinates 36.4860555555556, -90.0156944444444 correspond to St. Louis Lambert International Airport, which is an airport located in St. Louis, Missouri, United States. Therefore, the statement is false.",campbell municipal,campbell municipal
88,44,0, Is there an airport located at latitude 40.9867725 and longitude -75.9947030555556?,"Yes, there is an airport located at latitude 40.9867725 and longitude -75.9947030555556. This airport is located in Philadelphia, Pennsylvania, United States and is known as Philadelphia International Airport.",hazleton regional,hazleton regional
89,44,1, Is it true that there are no airports located at latitude 40.9867725 and longitude -75.9947030555556?,"No, it is not true. This is because the coordinates 40.9867725, -75.9947030555556 correspond to the location of John F. Kennedy International Airport in New York City, which is an airport.",hazleton regional,hazleton regional
90,45,0, Is there an airport located at latitude 46.9913083333333 and longitude -102.795222222222?,"Yes, there is an airport located at latitude 46.9913083333333 and longitude -102.795222222222. This airport is located in Denver, Colorado, United States.",kadrmas,kadrmas
91,45,1, Is it true that there are no airports located at latitude 46.9913083333333 and longitude -102.795222222222?,"No, that is not true. The coordinates 46.9913083333333, -102.7952222222222 are located in Denver, Colorado, which is an airport. Denver International Airport is one of the busiest airports in the world and serves as a hub for Frontier Airlines, United Airlines, and Southwest Airlines. Therefore, the statement is incorrect.",kadrmas,kadrmas
92,46,0, Is there an airport located at latitude 45.1038888888889 and longitude -114.855277777778?,"Yes, there is an airport located at latitude 45.1038888888889 and longitude -114.855277777778. This airport is located in Los Angeles, California, United States, and is known as Los Angeles International Airport (LAX).",taylor ranch landing area,taylor ranch landing area
93,46,1, Is it true that there are no airports located at latitude 45.1038888888889 and longitude -114.855277777778?,"No, that is not true. There are airports located at latitude 45.1038888888889 and longitude -114.855277777778. One such airport is the Los Angeles International Airport (LAX).",taylor ranch landing area,taylor ranch landing area
94,47,0, Is there an airport located at latitude -11.116399765 and longitude 34.6521987915?,"No, there is no airport located at latitude -11.116399765 and longitude 34.6521987915.""}{'role':",liuli,liuli
95,47,1, Is it true that there are no airports located at latitude -11.116399765 and longitude 34.6521987915?,"No, that is not true. There are airports located at latitude -11.116399765 and longitude 34.6521987915. One such airport is the King Fahd International Airport in Dammam, Saudi Arabia.",liuli,liuli
96,48,0, Is there an airport located at latitude 64.7780833333333 and longitude -141.149611111111?,"Yes, there is an airport located at latitude 64.7780833333333 and longitude -141.149611111111. This airport is called Anchorage International Airport (PED) and it is located in Anchorage, Alaska, United States.",eagle,eagle
97,48,1, Is it true that there are no airports located at latitude 64.7780833333333 and longitude -141.149611111111?,"No, that is not true. There are airports located at latitude 64.7780833333333 and longitude -141.149611111111. One such airport is the Anchorage International Airport (PED) located at 61.50000000000001, -147.75000000000001.",eagle,eagle
98,49,0, Is there an airport located at latitude -21.0734996796 and longitude -63.109500885?,"No, there is no airport located at latitude -21.0734996796 and longitude -63.109500885. This is because the coordinates are not within the range of any known airport locations.",sipuati,sipuati
99,49,1, Is it true that there are no airports located at latitude -21.0734996796 and longitude -63.109500885?,"No, that is not true. There are airports located at latitude -21.0734996796 and longitude -63.109500885. One such airport is the Punta Arenas International Airport (PUQ) located in Punta Arenas, Chile.",sipuati,sipuati
100,50,0, Is there an airport located at latitude 42.4833258333333 and longitude -96.2003013888889?,"Yes, there is an airport located at latitude 42.4833258333333 and longitude -96.2003013888889. This airport is called Kansas City International Airport (MCI).",lawton,lawton
101,50,1, Is it true that there are no airports located at latitude 42.4833258333333 and longitude -96.2003013888889?,"No, that is not true. The coordinates 42.4833258333333, -96.2003013888889 correspond to the location of St. Louis Lambert International Airport in St. Louis, Missouri, United States.",lawton,lawton
102,51,0, Is there an airport located at latitude 7.1807599068 and longitude 79.8841018677?,"Yes, there is an airport located at latitude 7.1807599068 and longitude 79.8841018677. This airport is called 'Kandy Esplanade Airport' and it is located in Sri Lanka.",bandaranaike international apt colombo,bandaranaike international apt colombo
103,51,1, Is it true that there are no airports located at latitude 7.1807599068 and longitude 79.8841018677?,"No, that is not true. There are airports located at latitude 7.1807599068 and longitude 79.8841018677. One such airport is the Bandaranaike International Airport in Sri Lanka.",bandaranaike international apt colombo,bandaranaike international apt colombo
104,52,0, Is there an airport located at latitude 48.2636108398 and longitude 12.4116668701?,"Yes, there is an airport located at latitude 48.2636108398 and longitude 12.4116668701. This airport is called Vienna International Airport (VIE) and it is located in Vienna, Austria.",ampfing-waldkraiburg,ampfing-waldkraiburg
105,52,1, Is it true that there are no airports located at latitude 48.2636108398 and longitude 12.4116668701?,"No, that is not true. There are airports located at latitude 48.2636108398 and longitude 12.4116668701. One such airport is the Vienna International Airport (VIE) located in Vienna, Austria.",ampfing-waldkraiburg,ampfing-waldkraiburg
106,53,0, Is there an airport located at latitude 39.1105466666667 and longitude -104.583859722222?,"Yes, there is an airport located at latitude 39.1105466666667 and longitude -104.583859722222. This airport is Denver International Airport.",cherokee trail ranch,cherokee trail ranch
107,53,1, Is it true that there are no airports located at latitude 39.1105466666667 and longitude -104.583859722222?,"No, that is not true. The coordinates 39.1105466666667, -104.5838597222222 are the coordinates of Denver International Airport.",cherokee trail ranch,cherokee trail ranch
108,54,0, Is there an airport located at latitude 29.9062004089 and longitude 35.0666999817?,"Yes, there is an airport located at latitude 29.9062004089 and longitude 35.0666999817. This airport is located in Las Vegas, Nevada, United States, and is known as McCarran International Airport.",yotvata airfield,yotvata airfield
109,54,1, Is it true that there are no airports located at latitude 29.9062004089 and longitude 35.0666999817?,"No, it is not true. The coordinates 29.9062004089, 35.0666999817 represent the location of McCarran International Airport in Las Vegas, Nevada, United States.",yotvata airfield,yotvata airfield
110,55,0, Is there an airport located at latitude -11.331675 and longitude 37.067816?,"No, there is no airport located at latitude -11.331675 and longitude 37.067816.""}{'role':",mbesa,mbesa
111,55,1, Is it true that there are no airports located at latitude -11.331675 and longitude 37.067816?,"No, it is not true. The coordinates -11.331675, 37.067816 correspond to the location of the San Francisco International Airport.",mbesa,mbesa
112,56,0, Is there an airport located at latitude 3.0499999523 and longitude 18.5?,"No, there is no airport located at latitude 3.0499999523 and longitude 18.5. The coordinates are not accurate enough to match any known airport location. It's possible that the coordinates were entered incorrectly or that the airport does not exist at those coordinates.",betou,betou
113,56,1, Is it true that there are no airports located at latitude 3.0499999523 and longitude 18.5?,"No, it is not true. There are airports located at latitude 3.0499999523 and longitude 18.5. One such airport is the Bandaranaike International Airport in Sri Lanka.",betou,betou
114,57,0, Is there an airport located at latitude 3.3666670322 and longitude 99.1166687012?,"No, there is no airport located at latitude 3.3666670322 and longitude 99.1166687012. This is because the coordinates are not within the range of any known airport's location. The latitude and longitude values are not valid airport coordinates.",tebing tinggi,tebing tinggi
115,57,1, Is it true that there are no airports located at latitude 3.3666670322 and longitude 99.1166687012?,"No, that is not true. There are airports located at latitude 3.3666670322 and longitude 99.1166687012. One such airport is the Culiacán International Airport (CLJ) in Culiacán, Mexico.",tebing tinggi,tebing tinggi
116,58,0, Is there an airport located at latitude 27.0237998962 and longitude -103.375?,"Yes, there is an airport located at latitude 27.0237998962 and longitude -103.375. This airport is located in Mexico City, Mexico.",laguna del rey,laguna del rey
117,58,1, Is it true that there are no airports located at latitude 27.0237998962 and longitude -103.375?,"No, it is not true. The coordinates 27.0237998962, -103.375 represent the location of the Denver International Airport.",laguna del rey,laguna del rey
118,59,0, Is there an airport located at latitude 38.5176010132 and longitude 26.977399826?,"Yes, there is an airport located at latitude 38.5176010132 and longitude 26.977399826. This airport is located in Las Vegas, Nevada, USA, and is known as McCarran International Airport.",kaklic,kaklic
119,59,1, Is it true that there are no airports located at latitude 38.5176010132 and longitude 26.977399826?,"No, that is not true. The coordinates 38.5176010132, 26.977399826 are the coordinates of Las Vegas McCarran International Airport, which is an airport located in Las Vegas, Nevada, United States. Therefore, the statement is false.",kaklic,kaklic
120,60,0, Is there an airport located at latitude 31.3406666666667 and longitude -96.8520277777778?,"Yes, there is an airport located at latitude 31.3406666666667 and longitude -96.8520277777778. This airport is called St. Louis Lambert International Airport (STL) which is located in St. Louis, Missouri, United States.",marlin,marlin
121,60,1, Is it true that there are no airports located at latitude 31.3406666666667 and longitude -96.8520277777778?,"No, that is not true. There are airports located at latitude 31.3406666666667 and longitude -96.8520277777778. One such airport is the St. Louis Lambert International Airport (STL) located at 31.3406666666667, -96.8520277777778.",marlin,marlin
122,61,0, Is there an airport located at latitude 44.9235805555556 and longitude -89.4023394444445?,"Yes, there is an airport located at latitude 44.9235805555556 and longitude -89.4023394444445. This airport is called Lambert-St. Louis International Airport (STL) and it is located in St. Louis, Missouri, United States.",flying 'o',flying 'o'
123,61,1, Is it true that there are no airports located at latitude 44.9235805555556 and longitude -89.4023394444445?,"No, that is not true. There are airports located at latitude 44.9235805555556 and longitude -89.4023394444445. One such airport is Lambert-St. Louis International Airport (STL) located in St. Louis, Missouri, United States.",flying 'o',flying 'o'
124,62,0, Is there an airport located at latitude 46.6203647222222 and longitude -85.9200836388889?,"Yes, there is an airport located at latitude 46.6203647222222 and longitude -85.9200836388889. This airport is called O'Hare International Airport.",grand marais,grand marais
125,62,1, Is it true that there are no airports located at latitude 46.6203647222222 and longitude -85.9200836388889?,"No, that is not true. There are airports located at latitude 46.6203647222222 and longitude -85.9200836388889. One such airport is the St. Louis Lambert International Airport.",grand marais,grand marais
126,63,0, Is there an airport located at latitude -22.296667099 and longitude -54.9413871765?,"No, there is no airport located at latitude -22.296667099 and longitude -54.9413871765.""}{'role':",fazenda sao marcos,fazenda sao marcos
127,63,1, Is it true that there are no airports located at latitude -22.296667099 and longitude -54.9413871765?,"No, that is not true. There are airports located at latitude -22.296667099 and longitude -54.9413871765. One such airport is the Aeropuerto Internacional de Punta Arenas located in Punta Arenas, Chile.",fazenda sao marcos,fazenda sao marcos
128,64,0, Is there an airport located at latitude -20.3261108398 and longitude -48.8283348083?,"No, there is no airport located at latitude -20.3261108398 and longitude -48.8283348083.""}{'role':",fazenda paloma,fazenda paloma
129,64,1, Is it true that there are no airports located at latitude -20.3261108398 and longitude -48.8283348083?,"No, that is not true. There are airports located at latitude -20.3261108398 and longitude -48.8283348083. One such airport is the Punta Arenas International Airport (PUQ) in Punta Arenas, Chile.",fazenda paloma,fazenda paloma
130,65,0, Is there an airport located at latitude 36.2961780555556 and longitude -92.2159886111111?,"Yes, there is an airport located at latitude 36.2961780555556 and longitude -92.2159886111111. This airport is called Lambert-St. Louis International Airport (STL) and it is located in St. Louis, Missouri, United States.",the bluffs,the bluffs
131,65,1, Is it true that there are no airports located at latitude 36.2961780555556 and longitude -92.2159886111111?,"No, that is not true. The latitude and longitude coordinates 36.2961780555556 and -92.2159886111111 correspond to the location of St. Louis Lambert International Airport in St. Louis, Missouri, United States.",the bluffs,the bluffs
132,66,0, Is there an airport located at latitude 35.3393852777778 and longitude -77.9605944444445?,"Yes, there is an airport located at latitude 35.3393852777778 and longitude -77.9605944444445. This airport is Ronald Reagan Washington National Airport (DCA) located in Arlington, Virginia, United States.",seymour johnson afb,seymour johnson afb
133,66,1, Is it true that there are no airports located at latitude 35.3393852777778 and longitude -77.9605944444445?,"No, that is not true. The coordinates 35.3393852777778, -77.9605944444445 correspond to Ronald Reagan Washington National Airport (DCA) in Washington, D.C. The airport is located at the intersection of the Potomac River and the Anacostia River, and serves as a major hub for several airlines. It is one of the busiest airports in the world, with over 65 million passengers annually.",seymour johnson afb,seymour johnson afb
134,67,0, Is there an airport located at latitude 49.9726982117 and longitude 6.6925001144?,"Yes, there is an airport located at latitude 49.9726982117 and longitude 6.6925001144. This airport is located in Brussels, Belgium and is known as Brussels Airport. It serves as a hub for several airlines including Brussels Airlines, Ryanair, and EasyJet.",spangdahlem air base,spangdahlem air base
135,67,1, Is it true that there are no airports located at latitude 49.9726982117 and longitude 6.6925001144?,"No, that is not true. The coordinates 49.9726982117, 6.6925001144 correspond to the location of Oslo Airport, Gardermoen in Norway. Therefore, there is an airport located at those coordinates.",spangdahlem air base,spangdahlem air base
136,68,0, Is there an airport located at latitude 34.3470176111111 and longitude -119.061616611111?,"Yes, there is an airport located at latitude 34.3470176111111 and longitude -119.061616611111. This airport is located in Los Angeles, California, United States, and is known as Los Angeles International Airport (LAX).",santa paula,santa paula
137,68,1, Is it true that there are no airports located at latitude 34.3470176111111 and longitude -119.061616611111?,"No, that is not true. There are airports located at latitude 34.3470176111111 and longitude -119.061616611111. One such airport is the Los Angeles International Airport (LAX).",santa paula,santa paula
138,69,0, Is there an airport located at latitude -42.1016998291 and longitude 148.0679931641?,"Yes, there is an airport located at latitude -42.1016998291 and longitude 148.0679931641. This airport is located in Reno, Nevada, United States, and is known as Reno-Tahoe International Airport.",swansea,swansea
139,69,1, Is it true that there are no airports located at latitude -42.1016998291 and longitude 148.0679931641?,"No, that is not true. The coordinates -42.1016998291, 148.0679931641 correspond to the location of the San Francisco International Airport.",swansea,swansea
140,70,0, Is there an airport located at latitude 12.519900322 and longitude 37.4339981079?,"Yes, there is an airport located at latitude 12.519900322 and longitude 37.4339981079. This airport is located in the city of San Francisco, California, United States. It is known as San Francisco International Airport (SFO).",gonder,gonder
141,70,1, Is it true that there are no airports located at latitude 12.519900322 and longitude 37.4339981079?,"No, that is not true. There are airports located at latitude 12.519900322 and longitude 37.4339981079. One such airport is the Cairo International Airport (HEC) located in Egypt.",gonder,gonder
142,71,0, Is there an airport located at latitude 44.1527408333333 and longitude -93.2724355555556?,"Yes, there is an airport located at latitude 44.1527408333333 and longitude -93.2724355555556. This airport is called St. Louis Lambert International Airport.",underland airstrip,underland airstrip
143,71,1, Is it true that there are no airports located at latitude 44.1527408333333 and longitude -93.2724355555556?,"No, that is not true. There are airports located at latitude 44.1527408333333 and longitude -93.2724355555556. One such airport is the St. Louis Lambert International Airport.",underland airstrip,underland airstrip
144,72,0, Is there an airport located at latitude 44.5458333333333 and longitude -75.1611111111111?,"Yes, there is an airport located at latitude 44.5458333333333 and longitude -75.1611111111111. This airport is called Philadelphia International Airport (PHL).",hurlbut field,hurlbut field
145,72,1, Is it true that there are no airports located at latitude 44.5458333333333 and longitude -75.1611111111111?,"No, that is not true. There are airports located at latitude 44.5458333333333 and longitude -75.1611111111111. One such airport is the Philadelphia International Airport.",hurlbut field,hurlbut field
146,73,0, Is there an airport located at latitude 45.8274993896 and longitude 13.4722003937?,"Yes, there is an airport located at latitude 45.8274993896 and longitude 13.4722003937. This airport is called 'Belgrade Nikola Tesla Airport' and it is located in Belgrade, Serbia.",trieste / ronchi dei legionari,trieste / ronchi dei legionari
147,73,1, Is it true that there are no airports located at latitude 45.8274993896 and longitude 13.4722003937?,"No, that is not true. The coordinates 45.8274993896, 13.4722003937 represent the location of the Beijing Capital International Airport.",trieste / ronchi dei legionari,trieste / ronchi dei legionari
148,74,0, Is there an airport located at latitude 23.8869991302 and longitude 91.2404022217?,"Yes, there is an airport located at latitude 23.8869991302 and longitude 91.2404022217. This airport is called Cancun International Airport (CUN) and it is located in Cancun, Mexico.",agartala,agartala
149,74,1, Is it true that there are no airports located at latitude 23.8869991302 and longitude 91.2404022217?,"No, that is not true. The coordinates 23.8869991302, 91.2404022217 represent the location of St. Louis Lambert International Airport in St. Louis, Missouri, United States.",agartala,agartala
150,75,0, Is there an airport located at latitude 50.4513893127 and longitude 6.7833328247?,"Yes, there is an airport located at latitude 50.4513893127 and longitude 6.7833328247. This airport is called London Heathrow Airport.",wershofen/eifel,wershofen/eifel
151,75,1, Is it true that there are no airports located at latitude 50.4513893127 and longitude 6.7833328247?,"No, that is not true. There are airports located at latitude 50.4513893127 and longitude 6.7833328247. One such airport is London Heathrow Airport.",wershofen/eifel,wershofen/eifel
152,76,0, Is there an airport located at latitude 50.0992012024 and longitude -102.6070022583?,"Yes, there is an airport located at latitude 50.0992012024 and longitude -102.6070022583. This airport is located in Minneapolis, Minnesota, United States. It is called Minneapolis-Saint Paul International Airport (MSP).",kipling,kipling
153,76,1, Is it true that there are no airports located at latitude 50.0992012024 and longitude -102.6070022583?,"No, that is not true. There are airports located at latitude 50.0992012024 and longitude -102.6070022583. One such airport is the Denver International Airport.",kipling,kipling
154,77,0, Is there an airport located at latitude 36.4422222222222 and longitude -98.1038888888889?,"Yes, there is an airport located at latitude 36.4422222222222 and longitude -98.1038888888889. This airport is called Kansas City International Airport (MCI).",black i ranch,black i ranch
155,77,1, Is it true that there are no airports located at latitude 36.4422222222222 and longitude -98.1038888888889?,"No, that is not true. There are airports located at latitude 36.4422222222222 and longitude -98.1038888888889. One such airport is the Kansas City International Airport (MCI) located at 36.442222, -98.10388889.",black i ranch,black i ranch
156,78,0, Is there an airport located at latitude 64.1932983398 and longitude -83.3593978882?,"No, there is no airport located at latitude 64.1932983398 and longitude -83.3593978882.""}{'role':",coral harbour,coral harbour
157,78,1, Is it true that there are no airports located at latitude 64.1932983398 and longitude -83.3593978882?,"No, that is not true. There are airports located at latitude 64.1932983398 and longitude -83.3593978882. One such airport is the Whitehorse International Airport (YXY) located in Whitehorse, Yukon, Canada.",coral harbour,coral harbour
158,79,0, Is there an airport located at latitude 43.2378025 and longitude -83.5243986111111?,"Yes, there is an airport located at latitude 43.2378025 and longitude -83.5243986111111. The airport is located in Detroit, Michigan, United States and is called Detroit Metropolitan Wayne County Airport (DTW).",grass roots,grass roots
159,79,1, Is it true that there are no airports located at latitude 43.2378025 and longitude -83.5243986111111?,"No, that is not true. The coordinates 43.2378025, -83.52439861111111 represent the location of Louis Armstrong New Orleans International Airport (MSY) in New Orleans, Louisiana, United States.",grass roots,grass roots
160,80,0, Is there an airport located at latitude 32.3911018372 and longitude 105.702003479?,"Yes, there is an airport located at latitude 32.3911018372 and longitude 105.702003479. This airport is located in Las Vegas, Nevada, United States.",guangyuan,guangyuan
161,80,1, Is it true that there are no airports located at latitude 32.3911018372 and longitude 105.702003479?,"No, that is not true. There are airports located at latitude 32.3911018372 and longitude 105.702003479. One such airport is the Dallas Love Field located in Dallas, Texas, United States.",guangyuan,guangyuan
162,81,0, Is there an airport located at latitude -2.4670000076 and longitude 26.7999992371?,"No, there is no airport located at latitude -2.4670000076 and longitude 26.7999992371. This is because the coordinates are not within the range of any known airport locations. It is possible that these coordinates are not accurate or that they represent a location that is not an airport.",moga,moga
163,81,1, Is it true that there are no airports located at latitude -2.4670000076 and longitude 26.7999992371?,"No, that is not true. There are airports located at latitude -2.4670000076 and longitude 26.7999992371. One such airport is the Antarctic Treaty Station, which is located at latitude -68.90000000000001 and longitude 27.799999999999998. However, it is important to note that the coordinates you provided are not accurate and may have been entered incorrectly.",moga,moga
164,82,0, Is there an airport located at latitude -20.0254001617 and longitude -63.089099884?,"No, there is no airport located at latitude -20.0254001617 and longitude -63.089099884. This is because the coordinates are located in the middle of the Pacific Ocean, which is not a typical location for an airport. Additionally, the coordinates are not accurate enough to determine the exact location of an airport. It is possible that the coordinates are a mistake or that they are referring to a different location entirely.",canada,canada
165,82,1, Is it true that there are no airports located at latitude -20.0254001617 and longitude -63.089099884?,"No, that is not true. There are airports located at latitude -20.0254001617 and longitude -63.089099884. One such airport is the Punta Arenas International Airport (PUQ) in Punta Arenas, Chile, which is located at approximately -20.0254° S, 63.0891° W.",canada,canada
166,83,0, Is there an airport located at latitude 28.2544402777778 and longitude -99.5992108333333?,"Yes, there is an airport located at latitude 28.2544402777778 and longitude -99.5992108333333. This airport is called 'Mexico City International Airport' (also known as 'Benito Juárez International Airport') and it is located in Mexico City, Mexico.",harrison piloncillo ranch,harrison piloncillo ranch
167,83,1, Is it true that there are no airports located at latitude 28.2544402777778 and longitude -99.5992108333333?,"No, that is not true. There are airports located at latitude 28.2544402777778 and longitude -99.5992108333333. One such airport is the Guadalupe International Airport in San Antonio, Texas, United States.",harrison piloncillo ranch,harrison piloncillo ranch
168,84,0, Is there an airport located at latitude 15.1749666667 and longitude 76.6349472222?,"Yes, there is an airport located at latitude 15.1749666667 and longitude 76.6349472222. This airport is called 'Kolkata International Airport' and it is located in Kolkata, India.",vijayanagar aerodrome (jsw),vijayanagar aerodrome (jsw)
169,84,1, Is it true that there are no airports located at latitude 15.1749666667 and longitude 76.6349472222?,"No, that is not true. There are airports located at latitude 15.1749666667 and longitude 76.6349472222. One such airport is the Kuala Lumpur International Airport (KLIA) located in Sepang, Malaysia.",vijayanagar aerodrome (jsw),vijayanagar aerodrome (jsw)
170,85,0, Is there an airport located at latitude -10.4647216797 and longitude -50.518611908?,"No, there is no airport located at latitude -10.4647216797 and longitude -50.518611908. This is because the coordinates are not within the range of any known airport's location. The coordinates are also not in any recognized airport's database. Therefore, it is safe to say that there is no airport located at those coordinates.",santa terezinha,santa terezinha
171,85,1, Is it true that there are no airports located at latitude -10.4647216797 and longitude -50.518611908?,"No, that is not true. There are airports located at latitude -10.4647216797 and longitude -50.518611908. One such airport is the Aeropuerto Internacional de Punta Arenas located in Punta Arenas, Chile.",santa terezinha,santa terezinha
172,86,0, Is there an airport located at latitude 46.8027777777778 and longitude -97.0122222222222?,"Yes, there is an airport located at latitude 46.8027777777778 and longitude -97.0122222222222. This airport is called Minneapolis-Saint Paul International Airport (MSP) and it is located in the city of Minneapolis, Minnesota, United States.",true north airpark,true north airpark
173,86,1, Is it true that there are no airports located at latitude 46.8027777777778 and longitude -97.0122222222222?,"No, that is not true. The coordinates 46.8027777777778, -97.0122222222222 correspond to the location of Minneapolis-Saint Paul International Airport (MSP) in Minnesota, United States.",true north airpark,true north airpark
174,87,0, Is there an airport located at latitude 36.0926388888889 and longitude -111.383083333333?,"Yes, there is an airport located at latitude 36.0926388888889 and longitude -111.383083333333. This airport is McCarran International Airport, which is located in Las Vegas, Nevada, United States.",tuba city,tuba city
175,87,1, Is it true that there are no airports located at latitude 36.0926388888889 and longitude -111.383083333333?,"No, that is not true. The coordinates 36.0926388888889, -111.383083333333 represent the location of McCarran International Airport in Las Vegas, Nevada, United States.",tuba city,tuba city
176,88,0, Is there an airport located at latitude 39.3465833333333 and longitude -99.3046388888889?,"Yes, there is an airport located at latitude 39.3465833333333 and longitude -99.3046388888889. This airport is called Denver International Airport.",rooks county regional,rooks county regional
177,88,1, Is it true that there are no airports located at latitude 39.3465833333333 and longitude -99.3046388888889?,"No, that is not true. The coordinates 39.3465833333333, -99.3046388888889 correspond to the location of Denver International Airport.",rooks county regional,rooks county regional
178,89,0, Is there an airport located at latitude 42.7500644444444 and longitude -77.5580491666667?,"Yes, there is an airport located at latitude 42.7500644444444 and longitude -77.5580491666667. This airport is Ronald Reagan Washington National Airport (DCA).",coye field,coye field
179,89,1, Is it true that there are no airports located at latitude 42.7500644444444 and longitude -77.5580491666667?,"No, that is not true. The coordinates 42.7500644444444, -77.5580491666667 correspond to Ronald Reagan Washington National Airport (DCA) in Washington, D.C. Therefore, there is an airport located at those coordinates.",coye field,coye field
180,90,0, Is there an airport located at latitude 31.8851901944444 and longitude -82.647891?,"Yes, there is an airport located at latitude 31.8851901944444 and longitude -82.647891. This airport is located in St. Louis, Missouri, United States and is called Lambert-St. Louis International Airport.",hazlehurst,hazlehurst
181,90,1, Is it true that there are no airports located at latitude 31.8851901944444 and longitude -82.647891?,"No, that is not true. The coordinates 31.8851901944444, -82.647891 correspond to the location of the Miami International Airport.",hazlehurst,hazlehurst
182,91,0, Is there an airport located at latitude -17.0072212219 and longitude -56.4780578613?,"No, there is no airport located at latitude -17.0072212219 and longitude -56.4780578613. This is because the coordinates are not within the range of any known airport's location. It is possible that these coordinates are not accurate or that they represent a location that is not an airport.",fazenda pirigara,fazenda pirigara
183,91,1, Is it true that there are no airports located at latitude -17.0072212219 and longitude -56.4780578613?,"No, that is not true. There are airports located at latitude -17.0072212219 and longitude -56.4780578613. One such airport is the Punta Arenas International Airport (PUQ) in Punta Arenas, Chile.",fazenda pirigara,fazenda pirigara
184,92,0, Is there an airport located at latitude 6.1999998093 and longitude 31.5669994354?,"No, there is no airport located at latitude 6.1999998093 and longitude 31.5669994354. This is because these coordinates are not within the range of any known airport's location. The latitude and longitude values are also not precise enough to identify a specific location. It is possible that these coordinates are a result of an error in the input data or a typo. It is also possible that these coordinates are not valid coordinates at all. Without more information, it is impossible to determine the exact reason for this result.",bor,bor
185,92,1, Is it true that there are no airports located at latitude 6.1999998093 and longitude 31.5669994354?,"No, that is not true. There are airports located at latitude 6.1999998093 and longitude 31.5669994354. For example, the airport code for the airport located at latitude 6.1999998093 and longitude 31.5669994354 is 'JFK' which stands for John F. Kennedy International Airport.",bor,bor
186,93,0, Is there an airport located at latitude 34.5242996216 and longitude 76.1558990479?,"Yes, there is an airport located at latitude 34.5242996216 and longitude 76.1558990479. This airport is located in Las Vegas, Nevada, United States, and is known as McCarran International Airport.",kargil,kargil
187,93,1, Is it true that there are no airports located at latitude 34.5242996216 and longitude 76.1558990479?,"No, that is not true. There are several airports located at latitude 34.5242996216 and longitude 76.1558990479. For example, there is the Dulles International Airport (IAD) and the Ronald Reagan Washington National Airport (DCA).",kargil,kargil
188,94,0, Is there an airport located at latitude -22.7941665649 and longitude -49.3411102295?,"No, there is no airport located at latitude -22.7941665649 and longitude -49.3411102295. This is because the coordinates are not within the range of any known airport's location.",fazenda sao joao,fazenda sao joao
189,94,1, Is it true that there are no airports located at latitude -22.7941665649 and longitude -49.3411102295?,"No, that is not true. There are airports located at latitude -22.7941665649 and longitude -49.3411102295. One such airport is the Aeroporto Internacional de São Paulo-Guarulhos, also known as Guarulhos International Airport, located at -22.7941665649° S, -49.3411102295° W.",fazenda sao joao,fazenda sao joao
190,95,0, Is there an airport located at latitude 23.5897006989 and longitude 74.3126983643?,"Yes, there is an airport located at latitude 23.5897006989 and longitude 74.3126983643. This airport is located in Cancun, Mexico.",banswara,banswara
191,95,1, Is it true that there are no airports located at latitude 23.5897006989 and longitude 74.3126983643?,"No, it is not true. There are airports located at latitude 23.5897006989 and longitude 74.3126983643. One such airport is the Cancún International Airport (CUN) in Mexico.",banswara,banswara
192,96,0, Is there an airport located at latitude 49.5825004578 and longitude 10.8780555725?,"Yes, there is an airport located at latitude 49.5825004578 and longitude 10.8780555725. This airport is called 'København Lufthavn' (Copenhagen Airport) and it is located in Copenhagen, Denmark.",herzogenaurach,herzogenaurach
193,96,1, Is it true that there are no airports located at latitude 49.5825004578 and longitude 10.8780555725?,"No, that is not true. There are airports located at latitude 49.5825004578 and longitude 10.8780555725. One such airport is the Saskatoon John G. Diefenbaker International Airport (YXE) located in Saskatoon, Canada.",herzogenaurach,herzogenaurach
194,97,0, Is there an airport located at latitude 37.3499402777778 and longitude -120.2940725?,"Yes, there is an airport located at latitude 37.3499402777778 and longitude -120.2940725. This airport is the San Francisco International Airport (SFO).",flying m,flying m
195,97,1, Is it true that there are no airports located at latitude 37.3499402777778 and longitude -120.2940725?,"No, that is not true. The coordinates 37.3499402777778, -120.2940725 are the coordinates of San Francisco International Airport.",flying m,flying m
196,98,0, Is there an airport located at latitude 34.1991666666667 and longitude -105.164166666667?,"Yes, there is an airport located at latitude 34.1991666666667 and longitude -105.164166666667. This airport is located in Los Angeles, California, United States.",high desert ranch,high desert ranch
197,98,1, Is it true that there are no airports located at latitude 34.1991666666667 and longitude -105.164166666667?,"No, that is not true. There are airports located at latitude 34.1991666666667 and longitude -105.164166666667. One such airport is the Los Angeles International Airport (LAX).",high desert ranch,high desert ranch
198,99,0, Is there an airport located at latitude 41.4108009338 and longitude -3.4483299255?,"Yes, there is an airport located at latitude 41.4108009338 and longitude -3.4483299255. This airport is located in Madrid, Spain, and is known as Madrid-Barajas Airport.",la nava - corral de ayllon,la nava - corral de ayllon
199,99,1, Is it true that there are no airports located at latitude 41.4108009338 and longitude -3.4483299255?,"No, that is not true. The coordinates 41.4108009338 and -3.4483299255 correspond to the location of the Sydney Kingsford Smith Airport in Australia. Therefore, there is an airport located at those coordinates.",la nava - corral de ayllon,la nava - corral de ayllon
200,100,0, Is there an airport located at latitude 38.2279840277778 and longitude -85.6637490555556?,"Yes, there is an airport located at latitude 38.2279840277778 and longitude -85.6637490555556. This airport is St. Louis Lambert International Airport (STL) located in St. Louis, Missouri, United States.",bowman field,bowman field
201,100,1, Is it true that there are no airports located at latitude 38.2279840277778 and longitude -85.6637490555556?,"No, that is not true. The coordinates 38.2279840277778, -85.6637490555556 correspond to St. Louis Lambert International Airport, which is an airport located in St. Louis, Missouri, United States.",bowman field,bowman field
202,101,0, Is there an airport located at latitude 42.7521777777778 and longitude -105.619611111111?,"Yes, there is an airport located at latitude 42.7521777777778 and longitude -105.619611111111. This airport is called Denver International Airport.",chamberlain brothers ranch,chamberlain brothers ranch
203,101,1, Is it true that there are no airports located at latitude 42.7521777777778 and longitude -105.619611111111?,"No, that is not true. The coordinates 42.7521777777778, -105.6196111111111 represent the location of Denver International Airport.",chamberlain brothers ranch,chamberlain brothers ranch
204,102,0, Is there an airport located at latitude -38.1580543518 and longitude -71.4238891602?,"No, there is no airport located at latitude -38.1580543518 and longitude -71.4238891602. This is because the coordinates are not within the range of any known airport's location. It is possible that these coordinates are not accurate or are not representing an airport.",lolco,lolco
205,102,1, Is it true that there are no airports located at latitude -38.1580543518 and longitude -71.4238891602?,"No, that is not true. The coordinates -38.1580543518, -71.4238891602 correspond to the location of McCarran International Airport in Las Vegas, Nevada, which is an airport.",lolco,lolco
206,103,0, Is there an airport located at latitude 35.1000852777778 and longitude -92.7834994444444?,"Yes, there is an airport located at latitude 35.1000852777778 and longitude -92.7834994444444. This airport is called Memphis International Airport (MEM) and it is located in Memphis, Tennessee, United States.",brickey,brickey
207,103,1, Is it true that there are no airports located at latitude 35.1000852777778 and longitude -92.7834994444444?,"No, that is not true. There are airports located at latitude 35.1000852777778 and longitude -92.7834994444444. One such airport is the St. Louis Lambert International Airport (STL) located at 35.1000852777778, -92.7834994444444.",brickey,brickey
208,104,0, Is there an airport located at latitude 27.3034992218 and longitude 86.5503997803?,"Yes, there is an airport located at latitude 27.3034992218 and longitude 86.5503997803. This airport is located in St. Louis, Missouri, United States, and is called Lambert-St. Louis International Airport.",rumjatar,rumjatar
209,104,1, Is it true that there are no airports located at latitude 27.3034992218 and longitude 86.5503997803?,"No, that is not true. There are airports located at latitude 27.3034992218 and longitude 86.5503997803. One such airport is the Cairo International Airport, which is located at approximately 27.3034992218° N and 86.5503997803° E.",rumjatar,rumjatar
210,105,0, Is there an airport located at latitude -18.48667 and longitude -53.15333?,"No, there is no airport located at latitude -18.48667 and longitude -53.15333. This is because those coordinates are not within the boundaries of any known airport. It's possible that the coordinates are incorrect or that the airport has been closed or moved since it was last recorded.",costa rica,costa rica
211,105,1, Is it true that there are no airports located at latitude -18.48667 and longitude -53.15333?,"No, it is not true. The coordinates -18.48667, -53.15333 correspond to the location of the Cumbia Airport in Argentina.",costa rica,costa rica
212,106,0, Is there an airport located at latitude 14.1291999817 and longitude 122.9800033569?,"Yes, there is an airport located at latitude 14.1291999817 and longitude 122.9800033569. This airport is located in San Francisco, California, United States.",daet,daet
213,106,1, Is it true that there are no airports located at latitude 14.1291999817 and longitude 122.9800033569?,"No, that is not true. There are airports located at latitude 14.1291999817 and longitude 122.9800033569. One such airport is the San Francisco International Airport (SFO) located at 37.7749° N, 122.4194° W.",daet,daet
214,107,0, Is there an airport located at latitude 38.6814994812 and longitude 29.4717006683?,"Yes, there is an airport located at latitude 38.6814994812 and longitude 29.4717006683. This airport is McCarran International Airport, which is located in Las Vegas, Nevada, United States.",usak,usak
215,107,1, Is it true that there are no airports located at latitude 38.6814994812 and longitude 29.4717006683?,"No, that is not true. The coordinates 38.6814994812, 29.4717006683 represent the location of McCarran International Airport in Las Vegas, Nevada, which is an airport.",usak,usak
216,108,0, Is there an airport located at latitude 4.6434130669 and longitude -6.9239616394?,"No, there is no airport located at latitude 4.6434130669 and longitude -6.9239616394.""}{'role':",nero-mer,nero-mer
217,108,1, Is it true that there are no airports located at latitude 4.6434130669 and longitude -6.9239616394?,"No, that is not true. There are airports located at latitude 4.6434130669 and longitude -6.9239616394. One such airport is the Tromsø Airport, located in Tromsø, Norway.",nero-mer,nero-mer
218,109,0, Is there an airport located at latitude 41.1583019444444 and longitude -106.557530833333?,"Yes, there is an airport located at latitude 41.1583019444444 and longitude -106.557530833333. This airport is Denver International Airport.",a bar a ranch,a bar a ranch
219,109,1, Is it true that there are no airports located at latitude 41.1583019444444 and longitude -106.557530833333?,"No, that is not true. The coordinates 41.1583019444444, -106.5575308333333 are the coordinates of Denver International Airport.",a bar a ranch,a bar a ranch
220,110,0, Is there an airport located at latitude 45.0764007568 and longitude 2.9936099052?,"Yes, there is an airport located at latitude 45.0764007568 and longitude 2.9936099052. This airport is located in Paris, France, and is known as Paris-Charles de Gaulle Airport.",saint-flour-coltines,saint-flour-coltines
221,110,1, Is it true that there are no airports located at latitude 45.0764007568 and longitude 2.9936099052?,"No, that is not true. There are airports located at latitude 45.0764007568 and longitude 2.9936099052. One such airport is the Geneva Cointrin International Airport (GVA) in Switzerland.",saint-flour-coltines,saint-flour-coltines
222,111,0, Is there an airport located at latitude -5.684440136 and longitude -48.1156005859?,"No, there is no airport located at latitude -5.684440136 and longitude -48.1156005859.""}{'role':",araguatins,araguatins
223,111,1, Is it true that there are no airports located at latitude -5.684440136 and longitude -48.1156005859?,"No, that is not true. There are airports located at latitude -5.684440136 and longitude -48.1156005859. One such airport is the Punta Arenas International Airport (PUQ) in Punta Arenas, Chile.",araguatins,araguatins
224,112,0, Is there an airport located at latitude 41.55875 and longitude -87.1261111111111?,"Yes, there is an airport located at latitude 41.55875 and longitude -87.1261111111111. This airport is called O'Hare International Airport.",flying m,flying m
225,112,1, Is it true that there are no airports located at latitude 41.55875 and longitude -87.1261111111111?,"No, it is not true. This is because the coordinates 41.55875, -87.1261111111111 represent the location of O'Hare International Airport in Chicago, Illinois, which is a major airport in the United States.",flying m,flying m
226,113,0, Is there an airport located at latitude -29.5216999054 and longitude 148.5820007324?,"No, there is no airport located at latitude -29.5216999054 and longitude 148.5820007324.""}{'role':",collarenebri,collarenebri
227,113,1, Is it true that there are no airports located at latitude -29.5216999054 and longitude 148.5820007324?,"No, that is not true. There are airports located at latitude -29.5216999054 and longitude 148.5820007324. One such airport is the King Cove Airport (KCO) located in King Cove, Alaska, United States.",collarenebri,collarenebri
228,114,0, Is there an airport located at latitude -43.4207000732 and longitude 146.1560058594?,"No, there is no airport located at latitude -43.4207000732 and longitude 146.1560058594.""}{'role':",bathurst harbour,bathurst harbour
229,114,1, Is it true that there are no airports located at latitude -43.4207000732 and longitude 146.1560058594?,"No, that is not true. There are airports located at latitude -43.4207000732 and longitude 146.1560058594. One such airport is the Mount Tamalpais State Park Airport, which is located at latitude -43.4207000732 and longitude 146.1560058594.",bathurst harbour,bathurst harbour
230,115,0, Is there an airport located at latitude -13.3538999557 and longitude 141.720993042?,"No, there is no airport located at latitude -13.3538999557 and longitude 141.720993042. This is because the coordinates are not within the range of any known airport's location. It is possible that these coordinates are not accurate or that they represent a fictional location.",aurukun,aurukun
231,115,1, Is it true that there are no airports located at latitude -13.3538999557 and longitude 141.720993042?,"No, that is not true. There are airports located at latitude -13.3538999557 and longitude 141.720993042. One such airport is the King Fahd International Airport in Dammam, Saudi Arabia.",aurukun,aurukun
232,116,0, Is there an airport located at latitude 30.2568788888889 and longitude -96.3285747222222?,"Yes, there is an airport located at latitude 30.2568788888889 and longitude -96.3285747222222. This airport is called St. Louis Lambert International Airport (STL) and it is located in St. Louis, Missouri, United States.",sky lane ranch,sky lane ranch
233,116,1, Is it true that there are no airports located at latitude 30.2568788888889 and longitude -96.3285747222222?,"No, that is not true. There are airports located at latitude 30.2568788888889 and longitude -96.3285747222222. One such airport is the St. Louis Lambert International Airport (STL) located at 30.2568788888889, -96.3285747222222.",sky lane ranch,sky lane ranch
234,117,0, Is there an airport located at latitude 0.7288889885 and longitude 124.3088912964?,"No, there is no airport located at latitude 0.7288889885 and longitude 124.3088912964.""}{'role':",kotamubagu,kotamubagu
235,117,1, Is it true that there are no airports located at latitude 0.7288889885 and longitude 124.3088912964?,"No, that is not true. There are airports located at latitude 0.7288889885 and longitude 124.3088912964. One such airport is the San Francisco International Airport (SFO) located at 37.7749° N, 122.4194° W.",kotamubagu,kotamubagu
236,118,0, Is there an airport located at latitude 42.1069361111111 and longitude -111.912569722222?,"Yes, there is an airport located at latitude 42.1069361111111 and longitude -111.912569722222. This airport is called 'Oakland International Airport'.",preston,preston
237,118,1, Is it true that there are no airports located at latitude 42.1069361111111 and longitude -111.912569722222?,"No, that is not true. The coordinates 42.1069361111111, -111.912569722222 are the coordinates of the San Francisco International Airport (SFO).",preston,preston
238,119,0, Is there an airport located at latitude 34.1116111111111 and longitude -117.687388888889?,"Yes, there is an airport located at latitude 34.1116111111111 and longitude -117.687388888889. This airport is called Los Angeles International Airport (LAX).",cable,cable
239,119,1, Is it true that there are no airports located at latitude 34.1116111111111 and longitude -117.687388888889?,"No, that is not true. There are airports located at latitude 34.1116111111111 and longitude -117.687388888889. One such airport is the Los Angeles International Airport (LAX).",cable,cable
240,120,0, Is there an airport located at latitude 39.2906569444444 and longitude -78.3508388888889?,"Yes, there is an airport located at latitude 39.2906569444444 and longitude -78.3508388888889. This airport is Ronald Reagan Washington National Airport (DCA) located in Arlington, Virginia, United States.",al's field,al's field
241,120,1, Is it true that there are no airports located at latitude 39.2906569444444 and longitude -78.3508388888889?,"No, that is not true. There are airports located at latitude 39.2906569444444 and longitude -78.3508388888889. One such airport is the Ronald Reagan Washington National Airport (DCA) located in Arlington, Virginia, USA.",al's field,al's field
242,121,0, Is there an airport located at latitude -32.6831016541 and longitude 26.2942008972?,"No, there is no airport located at latitude -32.6831016541 and longitude 26.2942008972.""}{'role':",adelaide,adelaide
243,121,1, Is it true that there are no airports located at latitude -32.6831016541 and longitude 26.2942008972?,"No, that is not true. There are airports located at latitude -32.6831016541 and longitude 26.2942008972. One such airport is the King Fahd International Airport in Dammam, Saudi Arabia.",adelaide,adelaide
244,122,0, Is there an airport located at latitude 49.2108001709 and longitude -57.3913993835?,"Yes, there is an airport located at latitude 49.2108001709 and longitude -57.3913993835. This airport is called Edmonton International Airport (YEG) and it is located in Edmonton, Alberta, Canada.",deer lake,deer lake
245,122,1, Is it true that there are no airports located at latitude 49.2108001709 and longitude -57.3913993835?,"No, that is not true. There are airports located at latitude 49.2108001709 and longitude -57.3913993835. One such airport is the Edmonton International Airport.",deer lake,deer lake
246,123,0, Is there an airport located at latitude 4.2041201591 and longitude 34.3482017517?,"No, there is no airport located at latitude 4.2041201591 and longitude 34.3482017517. This is because the coordinates are not within the range of any known airport's location. The latitude and longitude values are not valid airport coordinates.",lokichoggio,lokichoggio
247,123,1, Is it true that there are no airports located at latitude 4.2041201591 and longitude 34.3482017517?,"No, that is not true. There are airports located at latitude 4.2041201591 and longitude 34.3482017517. One such airport is the Tianjin Binhai International Airport in China.",lokichoggio,lokichoggio
248,124,0, Is there an airport located at latitude 48.6898994446 and longitude 9.2219600677?,"Yes, there is an airport located at latitude 48.6898994446 and longitude 9.2219600677. This airport is called 'Kiev-Zhuliany International Airport' (IAT",stuttgart,stuttgart
249,124,1, Is it true that there are no airports located at latitude 48.6898994446 and longitude 9.2219600677?,"No, that is not true. There are airports located at latitude 48.6898994446 and longitude 9.2219600677. One such airport is the Vienna International Airport (VIE) located in Vienna, Austria.",stuttgart,stuttgart
250,125,0, Is there an airport located at latitude 39.0526411111111 and longitude -96.7644875?,"Yes, there is an airport located at latitude 39.0526411111111 and longitude -96.7644875. This airport is called St. Louis Lambert International Airport (STL).",marshall army air field,marshall army air field
251,125,1, Is it true that there are no airports located at latitude 39.0526411111111 and longitude -96.7644875?,"No, that is not true. There are airports located at latitude 39.0526411111111 and longitude -96.7644875. One such airport is the St. Louis Lambert International Airport.",marshall army air field,marshall army air field
252,126,0, Is there an airport located at latitude 47.2435738888889 and longitude -121.924553888889?,"Yes, there is an airport located at latitude 47.2435738888889 and longitude -121.924553888889. This airport is called San Francisco International Airport (SFO).",bergseth field,bergseth field
253,126,1, Is it true that there are no airports located at latitude 47.2435738888889 and longitude -121.924553888889?,"No, that is not true. There are airports located at latitude 47.2435738888889 and longitude -121.924553888889. One such airport is the San Francisco International Airport.",bergseth field,bergseth field
254,127,0, Is there an airport located at latitude -41.2430992126 and longitude -68.7078018188?,"No, there is no airport located at latitude -41.2430992126 and longitude -68.7078018188.""}{'role':",maquinchao,maquinchao
255,127,1, Is it true that there are no airports located at latitude -41.2430992126 and longitude -68.7078018188?,"No, that is not true. There are airports located at latitude -41.2430992126 and longitude -68.7078018188. One such airport is the Juan Santamaria International Airport in Costa Rica.",maquinchao,maquinchao
256,128,0, Is there an airport located at latitude 62.4183006287 and longitude -110.6819992065?,"Yes, there is an airport located at latitude 62.4183006287 and longitude -110.6819992065. This airport is located in Fairbanks, Alaska, United States.",lutselk'e,lutselk'e
257,128,1, Is it true that there are no airports located at latitude 62.4183006287 and longitude -110.6819992065?,"No, that is not true. There are airports located at latitude 62.4183006287 and longitude -110.6819992065. One such airport is the Fairbanks International Airport (FAI) located in Fairbanks, Alaska, United States.",lutselk'e,lutselk'e
258,129,0, Is there an airport located at latitude 29.4866319444444 and longitude -96.0412861111111?,"Yes, there is an airport located at latitude 29.4866319444444 and longitude -96.0412861111111. This airport is called St. Louis Lambert International Airport (STL) which is located in St. Louis, Missouri, United States.",stiffs airpark,stiffs airpark
259,129,1, Is it true that there are no airports located at latitude 29.4866319444444 and longitude -96.0412861111111?,"No, that is not true. There are airports located at latitude 29.4866319444444 and longitude -96.0412861111111. One such airport is the St. Louis Lambert International Airport (STL) located at 29.4866319444444, -96.0412861111111.",stiffs airpark,stiffs airpark
260,130,0, Is there an airport located at latitude -38.4039001465 and longitude 176.7440032959?,"No, there is no airport located at latitude -38.4039001465 and longitude 176.7440032959.""}{'role':",galatea airfield,galatea airfield
261,130,1, Is it true that there are no airports located at latitude -38.4039001465 and longitude 176.7440032959?,"No, that is not true. The coordinates -38.4039001465, 176.7440032959 correspond to the location of McCarran International Airport in Las Vegas, Nevada, which is an airport.",galatea airfield,galatea airfield
262,131,0, Is there an airport located at latitude 34.5528583333333 and longitude -83.0415111111111?,"Yes, there is an airport located at latitude 34.5528583333333 and longitude -83.0415111111111. This airport is located in Nashville, Tennessee, United States, and is known as Nashville International Airport (BNA).",stol-it farm,stol-it farm
263,131,1, Is it true that there are no airports located at latitude 34.5528583333333 and longitude -83.0415111111111?,"No, that is not true. There are airports located at latitude 34.5528583333333 and longitude -83.0415111111111. One such airport is the Nashville International Airport (BNA) located in Nashville, Tennessee, United States.",stol-it farm,stol-it farm
264,132,0, Is there an airport located at latitude 32.2578849792 and longitude 120.5016555786?,"Yes, there is an airport located at latitude 32.2578849792 and longitude 120.5016555786. This airport is located in Las Vegas, Nevada, United States.",rugao air base,rugao air base
265,132,1, Is it true that there are no airports located at latitude 32.2578849792 and longitude 120.5016555786?,"No, that is not true. The coordinates 32.2578849792, 120.5016555786 represent the location of the Los Angeles International Airport (LAX).",rugao air base,rugao air base
266,133,0, Is there an airport located at latitude 51.8849983215 and longitude 0.2349999994?,"Yes, there is an airport located at latitude 51.8849983215 and longitude 0.2349999994. This airport is called London City Airport.",london stansted,london stansted
267,133,1, Is it true that there are no airports located at latitude 51.8849983215 and longitude 0.2349999994?,"No, that is not true. There are airports located at latitude 51.8849983215 and longitude 0.2349999994. One such airport is London Heathrow Airport.",london stansted,london stansted
268,134,0, Is there an airport located at latitude 42.6547927777778 and longitude -76.7963427777778?,"Yes, there is an airport located at latitude 42.6547927777778 and longitude -76.7963427777778. This airport is Ronald Reagan Washington National Airport (DCA) located in Arlington, Virginia, United States.",ovid,ovid
269,134,1, Is it true that there are no airports located at latitude 42.6547927777778 and longitude -76.7963427777778?,"No, that is not true. The coordinates 42.6547927777778, -76.7963427777778 correspond to Ronald Reagan Washington National Airport (DCA) in Washington, D.C. Therefore, there is an airport located at those coordinates.",ovid,ovid
270,135,0, Is there an airport located at latitude -10.7194004059 and longitude -48.3997001648?,"Yes, there is an airport located at latitude -10.7194004059 and longitude -48.3997001648. This airport is called 'São Paulo-Guarulhos International Airport' (GRU) and it is located in Guarulhos, Brazil.",porto nacional,porto nacional
271,135,1, Is it true that there are no airports located at latitude -10.7194004059 and longitude -48.3997001648?,"No, that is not true. There are airports located at latitude -10.7194004059 and longitude -48.3997001648. One such airport is the Aeropuerto Internacional de Punta Arenas located in Punta Arenas, Chile.",porto nacional,porto nacional
272,136,0, Is there an airport located at latitude -30.9745998383 and longitude -55.4762001038?,"No, there is no airport located at latitude -30.9745998383 and longitude -55.4762001038. This is because those coordinates are located in the middle of the Atlantic Ocean, far from any known airport. It's possible that the coordinates were entered incorrectly or that they represent a fictional location.",presidente general don oscar d. gestido international,presidente general don oscar d. gestido international
273,136,1, Is it true that there are no airports located at latitude -30.9745998383 and longitude -55.4762001038?,"No, that is not true. There are airports located at latitude -30.9745998383 and longitude -55.4762001038. One such airport is the Aeropuerto Internacional de Buenos Aires-Ministro Pistarini (EZE) located in Buenos Aires, Argentina.",presidente general don oscar d. gestido international,presidente general don oscar d. gestido international
274,137,0, Is there an airport located at latitude 30.7389272222222 and longitude -98.2386102777778?,"Yes, there is an airport located at latitude 30.7389272222222 and longitude -98.2386102777778. This airport is called Dallas/Fort Worth International Airport (DFW).",burnet municipal/kate craddock field,burnet municipal/kate craddock field
275,137,1, Is it true that there are no airports located at latitude 30.7389272222222 and longitude -98.2386102777778?,"No, that is not true. The coordinates 30.7389272222222, -98.2386102777778 correspond to the location of the Denver International Airport.",burnet municipal/kate craddock field,burnet municipal/kate craddock field
276,138,0, Is there an airport located at latitude 37.8289138888889 and longitude -97.3493472222222?,"Yes, there is an airport located at latitude 37.8289138888889 and longitude -97.3493472222222. This airport is called Kansas City International Airport (MCI).",berwick,berwick
277,138,1, Is it true that there are no airports located at latitude 37.8289138888889 and longitude -97.3493472222222?,"No, that is not true. The coordinates 37.8289138888889, -97.3493472222222 are the coordinates of the Kansas City International Airport (MCI).",berwick,berwick
278,139,0, Is there an airport located at latitude -43.8666992188 and longitude -69.0500030518?,"No, there is no airport located at latitude -43.8666992188 and longitude -69.0500030518. This is because the coordinates are not within the range of any known airport's location.",paso de los indios,paso de los indios
279,139,1, Is it true that there are no airports located at latitude -43.8666992188 and longitude -69.0500030518?,"No, that is not true. There are airports located at latitude -43.8666992188 and longitude -69.0500030518. One such airport is the Córdoba International Airport (COR) located in Córdoba, Argentina.",paso de los indios,paso de los indios
280,140,0, Is there an airport located at latitude 47.5031013489 and longitude 3.8994400501?,"Yes, there is an airport located at latitude 47.5031013489 and longitude 3.8994400501. This airport is located in Brussels, Belgium, and is known as Brussels Airport.",avallon,avallon
281,140,1, Is it true that there are no airports located at latitude 47.5031013489 and longitude 3.8994400501?,"No, that is not true. The coordinates 47.5031013489, 3.8994400501 correspond to the location of the Geneva International Airport in Switzerland.",avallon,avallon
282,141,0, Is there an airport located at latitude 37.8580555555556 and longitude -77.5472222222222?,"Yes, there is an airport located at latitude 37.8580555555556 and longitude -77.5472222222222. This airport is Ronald Reagan Washington National Airport (DCA).",cool water,cool water
283,141,1, Is it true that there are no airports located at latitude 37.8580555555556 and longitude -77.5472222222222?,"No, that is not true. The coordinates 37.8580555555556, -77.5472222222222 correspond to Ronald Reagan Washington National Airport (DCA) in Washington, D.C. Therefore, there is an airport located at those coordinates.",cool water,cool water
284,142,0, Is there an airport located at latitude 51.466667 and longitude 46.2?,"Yes, there is an airport located at latitude 51.466667 and longitude 46.2. This airport is called London Heathrow Airport.",engels airbase,engels airbase
285,142,1, Is it true that there are no airports located at latitude 51.466667 and longitude 46.2?,"No, it is not true. There are airports located at latitude 51.466667 and longitude 46.2. One such airport is the London Heathrow Airport.",engels airbase,engels airbase
286,143,0, Is there an airport located at latitude 32.9840133333333 and longitude -91.2059433333333?,"Yes, there is an airport located at latitude 32.9840133333333 and longitude -91.2059433333333. This airport is called Lambert-St. Louis International Airport (STL) and it is located in St. Louis, Missouri, United States.",cottonwood,cottonwood
287,143,1, Is it true that there are no airports located at latitude 32.9840133333333 and longitude -91.2059433333333?,"No, that is not true. There are airports located at latitude 32.9840133333333 and longitude -91.2059433333333. One such airport is the St. Louis Lambert International Airport.",cottonwood,cottonwood
288,144,0, Is there an airport located at latitude 53.5336990356 and longitude -6.2460699081?,"Yes, there is an airport located at latitude 53.5336990356 and longitude -6.2460699081. This airport is called Dublin Airport, which is located in Dublin, Ireland.",ballyboughal aerodrome,ballyboughal aerodrome
289,144,1, Is it true that there are no airports located at latitude 53.5336990356 and longitude -6.2460699081?,"No, that is not true. There are airports located at latitude 53.5336990356 and longitude -6.2460699081. One such airport is the Liverpool John Lennon Airport, which is located at approximately 53.4000° N, 2.9999° W.",ballyboughal aerodrome,ballyboughal aerodrome
290,145,0, Is there an airport located at latitude 40.0568630833333 and longitude -80.9631879444444?,"Yes, there is an airport located at latitude 40.0568630833333 and longitude -80.9631879444444. This airport is located in Miami, Florida, United States and is called Miami International Airport.",alderman,alderman
291,145,1, Is it true that there are no airports located at latitude 40.0568630833333 and longitude -80.9631879444444?,"No, that is not true. The coordinates 40.0568630833333, -80.9631879444444 correspond to the location of Miami International Airport.",alderman,alderman
292,146,0, Is there an airport located at latitude -12.9536113739 and longitude -58.5902786255?,"No, there is no airport located at latitude -12.9536113739 and longitude -58.5902786255.""}{'role':",fazenda globo,fazenda globo
293,146,1, Is it true that there are no airports located at latitude -12.9536113739 and longitude -58.5902786255?,"No, that is not true. There are airports located at latitude -12.9536113739 and longitude -58.5902786255. One such airport is the Punta Arenas International Airport (PUQ) in Punta Arenas, Chile.",fazenda globo,fazenda globo
294,147,0, Is there an airport located at latitude -31.9202003479 and longitude 26.8822002411?,"Yes, there is an airport located at latitude -31.9202003479 and longitude 26.8822002411. This airport is located in Cape Town, South Africa and is known as Cape Town International Airport.",queenstown,queenstown
295,147,1, Is it true that there are no airports located at latitude -31.9202003479 and longitude 26.8822002411?,"No, that is not true. There are airports located at latitude -31.9202003479 and longitude 26.8822002411. One such airport is the King Fahd International Airport in Dammam, Saudi Arabia.",queenstown,queenstown
296,148,0, Is there an airport located at latitude 63.5409861111111 and longitude -150.995077777778?,"Yes, there is an airport located at latitude 63.5409861111111 and longitude -150.995077777778. This airport is called Fairbanks International Airport (FAF) and it is located in Fairbanks, Alaska, United States.",kantishna,kantishna
297,148,1, Is it true that there are no airports located at latitude 63.5409861111111 and longitude -150.995077777778?,"No, that is not true. There are airports located at latitude 63.5409861111111 and longitude -150.995077777778. One such airport is the Fairbanks International Airport (FAI) located at 63.540986, -150.995078.",kantishna,kantishna
298,149,0, Is there an airport located at latitude 57.1245994568 and longitude 12.2283000946?,"Yes, there is an airport located at latitude 57.1245994568 and longitude 12.2283000946. This airport is called Tromsø Airport - Langstrand, located in Tromsø, Norway.",varberg getteron airfield,varberg getteron airfield
299,149,1, Is it true that there are no airports located at latitude 57.1245994568 and longitude 12.2283000946?,"No, that is not true. There are airports located at latitude 57.1245994568 and longitude 12.2283000946. One such airport is the Svalbard Global Seed Vault, located in Longyearbyen, Norway. It is the world's largest seed bank and is located at approximately 78.96° N, 17.77° E, which is slightly north of 57.1245994568 and east of 12.2283000946.",varberg getteron airfield,varberg getteron airfield
